"","year","state","seat_status","dem_votes","rep_votes","total_votes","open_seat","margin","dem_tp","pvi","X","gen_dem_tp","gen_margin","prev_dem_gen_tp","prev_gen_margin","prev_margin","prev_pvi","incumbent_differential"
"1",2002,"AL","Democratic Incumbent",669105,672225,1367053,FALSE,-0.228228166720676,0.498836975240992,-7.99918687362576,11,48.4180008856554,-3.1354998068249,50.198057468457,0.383912664655874,15.5867698859196,-8.15532847646669,31.5135141741971
"2",2002,"AR","Republican Incumbent",378250,427082,805696,FALSE,-6.06084677099055,0.469682069010048,-1.13888370951881,11,48.4180008856554,-3.1354998068249,50.198057468457,0.383912664655874,-21.1138353368432,5.11304191887301,-31.7238318392451
"3",2002,"AZ","Republican Open Seat",566284,554465,1226111,TRUE,0.96394209007178,0.505272813091959,-3.5325793802834,11,48.4180008856554,-3.1354998068249,50.198057468457,0.383912664655874,-25.4158739642458,-3.80729112808652,NA
"4",2002,"CA","Democratic Incumbent",3533490,3169801,7476311,FALSE,4.86455151477781,0.527127645211882,5.07973761269252,11,48.4180008856554,-3.1354998068249,50.198057468457,0.383912664655874,19.5901443448668,3.14174241496279,12.9227468502854
"5",2002,"CO","Republican Incumbent",475373,884583,1412602,FALSE,-28.968527582433,0.349550279567868,-4.93075152076395,11,48.4180008856554,-3.1354998068249,50.198057468457,0.383912664655874,-0.627938851455415,-4.26853283818856,7.52521416026583
"6",2002,"CT","Republican Incumbent",448984,573958,1022942,FALSE,-12.2171149488436,0.438914425255782,8.15604746432701,11,48.4180008856554,-3.1354998068249,50.198057468457,0.383912664655874,-27.4647161635837,4.40426584236699,-36.6571605129736
"7",2002,"FL","Republican Incumbent",2201427,2856845,5100581,FALSE,-12.8498694560482,0.435213250691145,-0.591289550140633,11,48.4180008856554,-3.1354998068249,50.198057468457,0.383912664655874,-10.5450175699424,-2.32961846198419,-6.26969331062989
"8",2002,"GA","Democratic Incumbent",937062,1041677,2027145,FALSE,-5.16070631355922,0.473565235233146,-6.02245530970761,11,48.4180008856554,-3.1354998068249,50.198057468457,0.383912664655874,8.4155693191909,-4.7883132823657,17.6082832192664
"9",2002,"HI","Democratic Open Seat",179647,197009,382110,TRUE,-4.54371777760331,0.476952444671,9.56430261210722,11,48.4180008856554,-3.1354998068249,50.198057468457,0.383912664655874,1.28914799438605,7.98992992509433,NA
"10",2002,"IA","Democratic Incumbent",540449,456612,1025802,FALSE,8.17282477515154,0.542042061619099,0.178858828679738,11,48.4180008856554,-3.1354998068249,50.198057468457,0.383912664655874,5.79704689790447,0.833530474965846,3.74607328331691
"11",2002,"ID","Republican Incumbent",171711,231566,411477,FALSE,-14.5463780478617,0.4257892218004,-19.7126975286291,11,48.4180008856554,-3.1354998068249,50.198057468457,0.383912664655874,-38.6310223266745,-14.9142849333003,-9.18636512472978
"12",2002,"IL","Republican Open Seat",1847040,1594960,3538891,TRUE,7.12313546814525,0.536618245206275,5.65970799035206,11,48.4180008856554,-3.1354998068249,50.198057468457,0.383912664655874,-3.5699175723977,4.95123019593079,NA
"13",2002,"KS","Republican Open Seat",441858,376830,835692,TRUE,7.78133570741374,0.539714763133208,-12.0823447775342,11,48.4180008856554,-3.1354998068249,50.198057468457,0.383912664655874,-50.7145213521574,-12.8391815541167,NA
"14",2002,"MA","Republican Open Seat",985981,1091988,2194179,TRUE,-4.83128313597022,0.474492641613037,14.3753938898768,11,48.4180008856554,-3.1354998068249,50.198057468457,0.383912664655874,-3.43171147921334,12.6033198006653,NA
"15",2002,"MD","Democratic Open Seat",813422,879592,1706179,TRUE,-3.87825661903001,0.480457928877139,7.1361515291187,11,48.4180008856554,-3.1354998068249,50.198057468457,0.383912664655874,10.3266453035135,4.15414912828447,NA
"16",2002,"ME","Third-Party/Independent Open Seat",238179,209496,505190,TRUE,5.67766582869811,0.532035516836991,3.84983846707207,11,48.4180008856554,-3.1354998068249,50.198057468457,0.383912664655874,-2.62740864931903,NA,NA
"17",2002,"MI","Republican Open Seat",1633796,1506104,3177565,TRUE,4.01854879443851,0.520333768591356,2.4304854100827,11,48.4180008856554,-3.1354998068249,50.198057468457,0.383912664655874,-24.4270101060287,2.24745644054113,NA
"18",2002,"MN","Third-Party/Independent Open Seat",821268,999473,2252473,TRUE,-7.91152657545729,0.451062506968317,1.93308338391012,11,48.4180008856554,-3.1354998068249,50.198057468457,0.383912664655874,-28.5921986418138,NA,NA
"19",2002,"NE","Republican Incumbent",132348,330349,480991,FALSE,-41.1652193076378,0.286036001962407,-15.3998890646516,11,48.4180008856554,-3.1354998068249,50.198057468457,0.383912664655874,-7.92901448541738,-15.1420969631697,21.9712667762661
"20",2002,"NH","Democratic Open Seat",169277,259663,442976,TRUE,-20.4042656938525,0.394640276029281,-0.474756399122866,11,48.4180008856554,-3.1354998068249,50.198057468457,0.383912664655874,4.97138700033454,0.00749396318807705,NA
"21",2002,"NM","Republican Open Seat",268693,189074,484233,TRUE,16.4422912110492,0.586964547466287,-0.346595630652317,11,48.4180008856554,-3.1354998068249,50.198057468457,0.383912664655874,-9.06210710583253,-0.0960063830114368,NA
"22",2002,"NV","Republican Incumbent",110935,344001,504079,FALSE,-46.2360066576866,0.243847486239823,-2.62256882883463,11,48.4180008856554,-3.1354998068249,50.198057468457,0.383912664655874,-9.59596891358993,-3.50355059988452,-2.97278037847676
"23",2002,"NY","Republican Incumbent",1534064,2262255,4579078,FALSE,-15.9025681589176,0.404092490646861,12.4528854312369,11,48.4180008856554,-3.1354998068249,50.198057468457,0.383912664655874,-21.153623599753,9.98306537448565,-41.5036670133802
"24",2002,"OH","Republican Incumbent",1236924,1865007,3228992,FALSE,-19.4513643886389,0.398759353447901,-1.84115924318057,11,48.4180008856554,-3.1354998068249,50.198057468457,0.383912664655874,-5.35937938347982,-1.4098907731952,-2.9235105017453
"25",2002,"OK","Republican Open Seat",448143,441277,1035620,TRUE,0.662984492381375,0.503859818758292,-10.7872284861577,11,48.4180008856554,-3.1354998068249,50.198057468457,0.383912664655874,-16.935501410853,-9.10562990190824,NA
"26",2002,"OR","Democratic Open Seat",618004,581785,1260497,TRUE,2.87339041663725,0.515093904011455,-0.0263748738295906,11,48.4180008856554,-3.1354998068249,50.198057468457,0.383912664655874,34.413861133521,0.77866617266764,NA
"27",2002,"PA","Republican Open Seat",1913235,1589408,3581989,TRUE,9.04042418890734,0.546226092696287,1.52508758491843,11,48.4180008856554,-3.1354998068249,50.198057468457,0.383912664655874,-26.3839526126295,0.858392889654004,NA
"28",2002,"RI","Republican Open Seat",150229,181827,332056,TRUE,-9.51586479389019,0.452420676030549,15.111317604682,11,48.4180008856554,-3.1354998068249,50.198057468457,0.383912664655874,-8.8369785529876,12.8144472489516,NA
"29",2002,"SC","Democratic Incumbent",521140,585422,1107725,FALSE,-5.8030648401002,0.470954180606238,-8.29245510166128,11,48.4180008856554,-3.1354998068249,50.198057468457,0.383912664655874,8.0291800397621,-7.97401475728566,23.5932968896775
"30",2002,"SD","Republican Open Seat",140263,189920,334559,TRUE,-14.8425240391082,0.424803820911434,-10.5710035709561,11,48.4180008856554,-3.1354998068249,50.198057468457,0.383912664655874,-31.1883376187127,-6.41509098465975,NA
"31",2002,"TN","Republican Open Seat",837284,786803,1653167,TRUE,3.05359349660379,0.515541347230783,-2.52706229631119,11,48.4180008856554,-3.1354998068249,50.198057468457,0.383912664655874,-39.1527253655878,-2.78515257805983,NA
"32",2002,"TX","Republican Incumbent",1819798,2632591,4553987,FALSE,-17.8479429124413,0.408723945728911,-10.2589312498448,11,48.4180008856554,-3.1354998068249,50.198057468457,0.383912664655874,-37.0741287308248,-6.95565182428731,-23.546737746906
"33",2002,"VT","Democratic Open Seat",97565,103436,230161,TRUE,-2.55082311946855,0.485395595046791,5.99939797570349,11,48.4180008856554,-3.1354998068249,50.198057468457,0.383912664655874,12.505409356227,8.05102963144901,NA
"34",2002,"WI","Republican Incumbent",800515,734779,1775349,FALSE,3.70270859419754,0.52140827750255,0.189527599838829,11,48.4180008856554,-3.1354998068249,50.198057468457,0.383912664655874,-20.9658351243213,0.738381125392264,-22.8265100397617
"35",2002,"WY","Republican Open Seat",92662,88873,185459,TRUE,2.04303916229463,0.510436004076349,-18.9852813818538,11,48.4180008856554,-3.1354998068249,50.198057468457,0.383912664655874,-15.1416906820365,-10.9635874297454,NA
"36",2004,"DE","Democratic Incumbent",185687,167115,365008,FALSE,5.08810765791435,0.526320712467616,5.83438995421675,4,48.7878787878788,-2.42424242424243,50.2596053997923,0.519210799584631,19.4916092039248,3.36759715438455,12.237204095571
"37",2004,"IN","Democratic Open Seat",1113900,1302912,2448498,TRUE,-7.71950804125631,0.46089642057388,-8.16726128108993,4,48.7878787878788,-2.42424242424243,50.2596053997923,0.519210799584631,14.8774004743479,-7.71967189599316,NA
"38",2004,"MO","Democratic Open Seat",1195208,1350134,2579051,TRUE,-6.00709330680161,0.469566761558957,-1.77377491634803,4,48.7878787878788,-2.42424242424243,50.2596053997923,0.519210799584631,0.913785830247611,-0.112623863824728,NA
"39",2004,"MT","Republican Open Seat",225016,205313,446146,TRUE,4.41626732056322,0.522892949348057,-12.0406968895754,4,48.7878787878788,-2.42424242424243,50.2596053997923,0.519210799584631,-3.90158754924523,-5.23418705304853,NA
"40",2004,"NC","Democratic Incumbent",1939154,1495021,3486688,FALSE,12.7379622151451,0.564663711080536,-6.85706719645302,4,48.7878787878788,-2.42424242424243,50.2596053997923,0.519210799584631,5.75664278998879,-6.41174956832189,18.0609311270479
"41",2004,"ND","Republican Incumbent",84877,220803,309873,FALSE,-43.8650673017656,0.277666186862078,-13.3999499723147,4,48.7878787878788,-2.42424242424243,50.2596053997923,0.519210799584631,-10.0586706840076,-9.30180894383266,8.02573640407311
"42",2004,"NH","Republican Incumbent",340299,325981,667020,FALSE,2.14656232196936,0.510744731944528,-0.474756399122866,4,48.7878787878788,-2.42424242424243,50.2596053997923,0.519210799584631,-20.4042656938525,-0.474756399122866,-19.9739636951914
"43",2004,"UT","Republican Open Seat",380359,531190,919960,TRUE,-16.3953867559459,0.41726665269777,-20.6755738211992,4,48.7878787878788,-2.42424242424243,50.2596053997923,0.519210799584631,-13.5018626789498,-16.8526541391614,NA
"44",2004,"VT","Republican Incumbent",117327,181540,309285,FALSE,-20.7617569555588,0.392572615912764,5.99939797570349,4,48.7878787878788,-2.42424242424243,50.2596053997923,0.519210799584631,-2.55082311946855,5.99939797570349,-15.0688298704602
"45",2004,"WA","Democratic Open Seat",1373361,1373232,2810058,TRUE,0.00459065257727776,0.500023483639549,2.63066867535731,4,48.7878787878788,-2.42424242424243,50.2596053997923,0.519210799584631,18.7020517828599,2.89427140548953,NA
"46",2004,"WV","Democratic Open Seat",472758,253131,744433,TRUE,29.5025878756047,0.651281394262759,-1.71946201081816,4,48.7878787878788,-2.42424242424243,50.2596053997923,0.519210799584631,2.9158378944737,3.80856490634185,NA
"47",2006,"AL","Republican Incumbent",519827,718327,1250401,FALSE,-15.8749073297286,0.419840342962184,-10.725521052506,12,53.2800629398191,6.45402828438529,49.3314835498195,-1.32756404221677,-0.228228166720676,-7.99918687362576,17.0977096227476
"48",2006,"AR","Republican Open Seat",430765,315040,774680,TRUE,14.938426188878,0.577583952909943,-3.55779400721321,12,53.2800629398191,6.45402828438529,49.3314835498195,-1.32756404221677,-6.06084677099055,-1.13888370951881,NA
"49",2006,"AZ","Democratic Incumbent",959830,543528,1533645,FALSE,27.1446129971408,0.638457373426689,-3.93271400550833,12,53.2800629398191,6.45402828438529,49.3314835498195,-1.32756404221677,0.96394209007178,-3.5325793802834,9.35666489285535
"50",2006,"CA","Republican Incumbent",3376732,4850157,8679416,FALSE,-16.9760845660584,0.410450657593654,6.17592739852762,12,53.2800629398191,6.45402828438529,49.3314835498195,-1.32756404221677,4.86455151477781,5.07973761269252,-3.96735966839046
"51",2006,"CO","Republican Open Seat",888096,625886,1558387,TRUE,16.8257307074559,0.586596141829956,-2.05208926758978,12,53.2800629398191,6.45402828438529,49.3314835498195,-1.32756404221677,-28.968527582433,-4.93075152076395,NA
"52",2006,"CT","Republican Incumbent",398220,710048,1123412,FALSE,-27.7572253100376,0.359317421417924,7.11431474179455,12,53.2800629398191,6.45402828438529,49.3314835498195,-1.32756404221677,-12.2171149488436,8.15604746432701,-27.2016458352809
"53",2006,"FL","Republican Open Seat",2178289,2519845,4829270,TRUE,-7.07262174200241,0.463649823525681,-1.04972247461715,12,53.2800629398191,6.45402828438529,49.3314835498195,-1.32756404221677,-12.8498694560482,-0.591289550140633,NA
"54",2006,"GA","Republican Incumbent",811049,1229724,2122258,FALSE,-19.7278087772552,0.397422447278556,-6.91742336889,12,53.2800629398191,6.45402828438529,49.3314835498195,-1.32756404221677,-5.16070631355922,-6.02245530970761,8.21176834807277
"55",2006,"HI","Republican Incumbent",121717,215313,344315,FALSE,-27.1832478980004,0.361145892057087,6.58255509137384,12,53.2800629398191,6.45402828438529,49.3314835498195,-1.32756404221677,-4.54371777760331,9.56430261210722,-22.344758959601
"56",2006,"IA","Democratic Open Seat",569021,467425,1053255,TRUE,9.64590721145402,0.549011718893218,0.632374908987686,12,53.2800629398191,6.45402828438529,49.3314835498195,-1.32756404221677,8.17282477515154,0.178858828679738,NA
"57",2006,"ID","Republican Open Seat",198845,237437,450832,TRUE,-8.56017319090038,0.455771725627003,-18.8599866923164,12,53.2800629398191,6.45402828438529,49.3314835498195,-1.32756404221677,-14.5463780478617,-19.7126975286291,NA
"58",2006,"IL","Democratic Incumbent",1736731,1369315,3487989,FALSE,10.533748816295,0.559145292761279,6.29566767526781,12,53.2800629398191,6.45402828438529,49.3314835498195,-1.32756404221677,7.12313546814525,5.65970799035206,-2.8687164703421
"59",2006,"KS","Democratic Incumbent",491992,343581,849693,FALSE,17.4664261091947,0.588807919834652,-11.5353613925509,12,53.2800629398191,6.45402828438529,49.3314835498195,-1.32756404221677,7.78133570741374,-12.0823447775342,33.2735893046989
"60",2006,"MA","Republican Open Seat",1234984,784342,2219779,TRUE,20.3012101655165,0.61158228042426,14.0986671340452,12,53.2800629398191,6.45402828438529,49.3314835498195,-1.32756404221677,-4.83128313597022,14.3753938898768,NA
"61",2006,"MD","Republican Incumbent",942279,825464,1788316,FALSE,6.53212295813492,0.533040719154312,7.88608386491628,12,53.2800629398191,6.45402828438529,49.3314835498195,-1.32756404221677,-3.87825661903001,7.1361515291187,-16.8229956350506
"62",2006,"MI","Democratic Incumbent",2142513,1608086,3801256,FALSE,14.0592214783745,0.57124555304366,2.79722453055025,12,53.2800629398191,6.45402828438529,49.3314835498195,-1.32756404221677,4.01854879443851,2.4304854100827,0.485142016489879
"63",2006,"MN","Republican Incumbent",1007460,1028568,2202937,FALSE,-0.958175381320483,0.494816377770836,2.48647551109737,12,53.2800629398191,6.45402828438529,49.3314835498195,-1.32756404221677,-7.91152657545729,1.93308338391012,-10.4501293010608
"64",2006,"NE","Republican Incumbent",145115,435507,593357,FALSE,-48.9405197882556,0.249930247217639,-15.5861836010745,12,53.2800629398191,6.45402828438529,49.3314835498195,-1.32756404221677,-41.1652193076378,-15.3998890646516,-9.0378771361178
"65",2006,"NH","Democratic Incumbent",298760,104288,403679,FALSE,48.1749112537437,0.741251662333022,1.19495597544111,12,53.2800629398191,6.45402828438529,49.3314835498195,-1.32756404221677,2.14656232196936,-0.474756399122866,4.42363916243186
"66",2006,"NM","Democratic Incumbent",384806,174364,559170,FALSE,37.6347085859399,0.688173542929699,0.551919151703952,12,53.2800629398191,6.45402828438529,49.3314835498195,-1.32756404221677,16.4422912110492,-0.346595630652317,18.4630465145706
"67",2006,"NV","Republican Open Seat",255684,279003,582158,TRUE,-4.00561359630891,0.478193784400967,-0.608216859421402,12,53.2800629398191,6.45402828438529,49.3314835498195,-1.32756404221677,-46.2360066576866,-2.62256882883463,NA
"68",2006,"NY","Republican Open Seat",3086709,1274335,4437220,TRUE,40.8448082357873,0.70779129951452,11.0850419184411,12,53.2800629398191,6.45402828438529,49.3314835498195,-1.32756404221677,-15.9025681589176,12.4528854312369,NA
"69",2006,"OH","Republican Open Seat",2435384,1474285,4022754,TRUE,23.891567816476,0.622913090596672,-0.4044888996756,12,53.2800629398191,6.45402828438529,49.3314835498195,-1.32756404221677,-19.4513643886389,-1.84115924318057,NA
"70",2006,"OK","Democratic Incumbent",616135,310327,926462,FALSE,33.0081535993921,0.66504076799696,-13.6037794949539,12,53.2800629398191,6.45402828438529,49.3314835498195,-1.32756404221677,0.662984492381375,-10.7872284861577,23.5650055069135
"71",2006,"OR","Democratic Incumbent",699786,589748,1379475,FALSE,7.97680276916943,0.542665800203795,2.48463188636303,12,53.2800629398191,6.45402828438529,49.3314835498195,-1.32756404221677,2.87339041663725,-0.0263748738295906,4.2537042065132
"72",2006,"PA","Democratic Incumbent",2470517,1622135,4096077,FALSE,20.7120618093849,0.603646975115402,2.32502081114041,12,53.2800629398191,6.45402828438529,49.3314835498195,-1.32756404221677,9.04042418890734,1.52508758491843,7.31781306128724
"73",2006,"RI","Republican Incumbent",189562,197366,386928,FALSE,-2.0169127072737,0.489915436463632,12.6896015079513,12,53.2800629398191,6.45402828438529,49.3314835498195,-1.32756404221677,-9.51586479389019,15.111317604682,-38.4109359610374
"74",2006,"SC","Republican Incumbent",489076,601868,1091952,FALSE,-10.3293917681363,0.448305320896398,-7.66923053168851,12,53.2800629398191,6.45402828438529,49.3314835498195,-1.32756404221677,-5.8030648401002,-8.29245510166128,12.1094094054391
"75",2006,"SD","Republican Incumbent",121226,206990,335508,FALSE,-25.5624307020995,0.369348234089746,-10.2444566847709,12,53.2800629398191,6.45402828438529,49.3314835498195,-1.32756404221677,-14.8425240391082,-10.5710035709561,7.62704714502077
"76",2006,"TN","Democratic Incumbent",1247491,540853,1818549,FALSE,38.8572427798206,0.697567693911239,-5.04517158394861,12,53.2800629398191,6.45402828438529,49.3314835498195,-1.32756404221677,3.05359349660379,-2.52706229631119,9.43528213144294
"77",2006,"VT","Republican Incumbent",108090,148014,262524,FALSE,-15.2077524340632,0.422055102614563,9.93002888777455,12,53.2800629398191,6.45402828438529,49.3314835498195,-1.32756404221677,-20.7617569555588,5.99939797570349,-31.432988864749
"78",2006,"WI","Democratic Incumbent",1139115,979427,2161700,FALSE,7.38714900309941,0.537688183665936,1.01680909063422,12,53.2800629398191,6.45402828438529,49.3314835498195,-1.32756404221677,3.70270859419754,0.189527599838829,4.65121743673665
"79",2006,"WY","Democratic Incumbent",135516,58100,193892,FALSE,39.9273822540383,0.699921494091397,-19.6359142308152,12,53.2800629398191,6.45402828438529,49.3314835498195,-1.32756404221677,2.04303916229463,-18.9852813818538,41.341165968219
"80",2008,"DE","Democratic Open Seat",266861,126662,395204,TRUE,35.4750964059068,0.678133171377531,5.40283543928364,5,53.6511156186613,7.30223123732251,48.7878787878788,-2.42424242424243,5.08810765791435,5.83438995421675,NA
"81",2008,"IN","Republican Incumbent",1082463,1563885,2703752,FALSE,-17.8057011145993,0.409040307623941,-8.9746132612465,5,53.6511156186613,7.30223123732251,48.7878787878788,-2.42424242424243,-7.71950804125631,-8.16726128108993,11.039256945166
"82",2008,"MO","Republican Open Seat",1560588,1110048,2728539,TRUE,16.5121334164547,0.584350693991993,-2.29858210412472,5,53.6511156186613,7.30223123732251,48.7878787878788,-2.42424242424243,-6.00709330680161,-1.77377491634803,NA
"83",2008,"MT","Democratic Incumbent",318670,158268,486734,FALSE,32.9547555749136,0.668158125374787,-10.4449580672721,5,53.6511156186613,7.30223123732251,48.7878787878788,-2.42424242424243,4.41626732056322,-12.0406968895754,30.9219035239565
"84",2008,"NC","Democratic Open Seat",2146189,2001168,4268941,TRUE,3.39711886390559,0.517483544339202,-5.45328868761377,5,53.6511156186613,7.30223123732251,48.7878787878788,-2.42424242424243,12.7379622151451,-6.85706719645302,NA
"85",2008,"ND","Republican Incumbent",74279,235009,315692,FALSE,-50.9135486486829,0.240161273634929,-13.2696751959687,5,53.6511156186613,7.30223123732251,48.7878787878788,-2.42424242424243,-43.8650673017656,-13.3999499723147,-14.6409249328937
"86",2008,"NH","Democratic Incumbent",479042,188555,682910,FALSE,42.536644653029,0.717561642727574,1.19495597544111,5,53.6511156186613,7.30223123732251,48.7878787878788,-2.42424242424243,48.1749112537437,1.19495597544111,48.2092417271039
"87",2008,"UT","Republican Incumbent",186503,734049,945525,FALSE,-57.9092038814415,0.202599092718282,-22.0970161687797,5,53.6511156186613,7.30223123732251,48.7878787878788,-2.42424242424243,-16.3953867559459,-20.6755738211992,27.3800033106949
"88",2008,"VT","Republican Incumbent",69534,170492,319085,FALSE,-31.6398451823182,0.289693616524876,9.93002888777455,5,53.6511156186613,7.30223123732251,48.7878787878788,-2.42424242424243,-15.2077524340632,9.93002888777455,-32.6435677853698
"89",2008,"WA","Democratic Incumbent",1598738,1404124,3002862,FALSE,6.48095050655008,0.53240475253275,4.3152855740839,5,53.6511156186613,7.30223123732251,48.7878787878788,-2.42424242424243,0.00459065257727776,2.63066867535731,-2.83250427389491
"90",2008,"WV","Democratic Incumbent",492697,181612,706046,FALSE,44.0601603861505,0.730669470524641,-4.82611191715064,5,53.6511156186613,7.30223123732251,48.7878787878788,-2.42424242424243,29.5025878756047,-1.71946201081816,35.3657543214834
"91",2010,"AL","Republican Open Seat",625710,860472,1494273,TRUE,-15.7107837724432,0.421018421700707,-13.8279263142157,13,47.2572413153232,-5.37520251333299,54.5250617678391,8.90449306333129,-15.8749073297286,-10.725521052506,NA
"92",2010,"AR","Democratic Incumbent",503336,262784,781333,FALSE,30.7873851482019,0.656993682451835,-11.2980339319205,13,47.2572413153232,-5.37520251333299,54.5250617678391,8.90449306333129,14.938426188878,-3.55779400721321,13.1495211399731
"93",2010,"AZ","Republican Incumbent",733935,938934,1728081,FALSE,-11.8628119862437,0.438728316443188,-6.98948320829995,13,47.2572413153232,-5.37520251333299,54.5250617678391,8.90449306333129,27.1446129971408,-3.93271400550833,26.1055479448262
"94",2010,"CA","Republican Open Seat",5428149,4127391,10095185,TRUE,12.8849347485955,0.568063029404932,8.03386089592903,13,47.2572413153232,-5.37520251333299,54.5250617678391,8.90449306333129,-16.9760845660584,6.17592739852762,NA
"95",2010,"CT","Republican Open Seat",567278,560874,1145781,TRUE,0.5589200728586,0.502838270020352,7.37220199542208,13,47.2572413153232,-5.37520251333299,54.5250617678391,8.90449306333129,-27.7572253100376,7.11431474179455,NA
"96",2010,"FL","Republican Open Seat",2557785,2619335,5359735,TRUE,-1.14837767165727,0.494055575300553,-2.00295458024675,13,47.2572413153232,-5.37520251333299,54.5250617678391,8.90449306333129,-7.07262174200241,-1.04972247461715,NA
"97",2010,"GA","Republican Open Seat",1107011,1365832,2576161,TRUE,-10.0467711451264,0.447667320569887,-6.49511621817687,13,47.2572413153232,-5.37520251333299,54.5250617678391,8.90449306333129,-19.7278087772552,-6.91742336889,NA
"98",2010,"HI","Republican Open Seat",222724,157311,382563,TRUE,17.0986216649284,0.586061810096439,15.8903632258121,13,47.2572413153232,-5.37520251333299,54.5250617678391,8.90449306333129,-27.1832478980004,6.58255509137384,NA
"99",2010,"IA","Democratic Incumbent",484798,592494,1122013,FALSE,-9.59846276290916,0.450015409007029,1.11710711545664,13,47.2572413153232,-5.37520251333299,54.5250617678391,8.90449306333129,9.64590721145402,0.632374908987686,-0.523335669852647
"100",2010,"ID","Republican Incumbent",148680,267483,452535,FALSE,-26.2527760283735,0.357263860554638,-17.0344333105721,13,47.2572413153232,-5.37520251333299,54.5250617678391,8.90449306333129,-8.56017319090038,-18.8599866923164,20.2553071304011
"101",2010,"IL","Democratic Incumbent",1745219,1713385,3729989,FALSE,0.853460961949218,0.504602145836875,8.41755013484224,13,47.2572413153232,-5.37520251333299,54.5250617678391,8.90449306333129,10.533748816295,6.29566767526781,-10.9620795975719
"102",2010,"KS","Democratic Open Seat",270166,530760,838790,TRUE,-31.067847733044,0.337317055508249,-11.3612879704183,13,47.2572413153232,-5.37520251333299,54.5250617678391,8.90449306333129,17.4664261091947,-11.5353613925509,NA
"103",2010,"MA","Democratic Incumbent",1112283,964866,2297039,FALSE,6.41769686975276,0.535485417752891,10.648216127297,13,47.2572413153232,-5.37520251333299,54.5250617678391,8.90449306333129,20.3012101655165,14.0986671340452,-16.8006171659052
"104",2010,"MD","Democratic Incumbent",1044961,776319,1857880,FALSE,14.4595991129675,0.573750878503031,8.90365511057381,13,47.2572413153232,-5.37520251333299,54.5250617678391,8.90449306333129,6.53212295813492,7.88608386491628,-18.1445378350289
"105",2010,"MI","Democratic Open Seat",1287320,1874834,3226088,TRUE,-18.2113445138508,0.407102247392126,4.27463088814155,13,47.2572413153232,-5.37520251333299,54.5250617678391,8.90449306333129,14.0592214783745,2.79722453055025,NA
"106",2010,"MN","Republican Open Seat",919232,910462,2107021,TRUE,0.416227460476189,0.502396575602259,1.92695248824615,13,47.2572413153232,-5.37520251333299,54.5250617678391,8.90449306333129,-0.958175381320483,2.48647551109737,NA
"107",2010,"NE","Republican Incumbent",127343,360645,487988,FALSE,-47.8089625154717,0.260955187422642,-12.3539465424885,13,47.2572413153232,-5.37520251333299,54.5250617678391,8.90449306333129,-48.9405197882556,-15.5861836010745,-26.6726456494379
"108",2010,"NH","Democratic Incumbent",240346,205616,456588,FALSE,7.60641979202257,0.53893829519107,1.38867158415082,13,47.2572413153232,-5.37520251333299,54.5250617678391,8.90449306333129,42.536644653029,1.19495597544111,31.2422396388154
"109",2010,"NM","Democratic Open Seat",280614,321219,602827,TRUE,-6.73576332845078,0.466265558718116,3.21328463154383,13,47.2572413153232,-5.37520251333299,54.5250617678391,8.90449306333129,37.6347085859399,0.551919151703952,NA
"110",2010,"NV","Republican Open Seat",298171,382350,716529,TRUE,-11.7481637170303,0.438151063670335,2.02534825171606,13,47.2572413153232,-5.37520251333299,54.5250617678391,8.90449306333129,-4.00561359630891,-0.608216859421402,NA
"111",2010,"NY","Democratic Open Seat",2911721,1548184,4658825,TRUE,29.2678304078818,0.652866148494194,10.0691458423845,13,47.2572413153232,-5.37520251333299,54.5250617678391,8.90449306333129,40.8448082357873,11.0850419184411,NA
"112",2010,"OH","Democratic Incumbent",1812059,1889186,3852469,FALSE,-2.00201481179991,0.489580938305894,-0.949616020468007,13,47.2572413153232,-5.37520251333299,54.5250617678391,8.90449306333129,23.891567816476,-0.4044888996756,15.7960525524959
"113",2010,"OK","Democratic Open Seat",409261,625506,1034767,TRUE,-20.8979412756688,0.395510293621656,-18.0617176691748,13,47.2572413153232,-5.37520251333299,54.5250617678391,8.90449306333129,33.0081535993921,-13.6037794949539,NA
"114",2010,"OR","Democratic Open Seat",716525,694287,1453548,TRUE,1.52991163690501,0.507881276881682,4.40214091556727,13,47.2572413153232,-5.37520251333299,54.5250617678391,8.90449306333129,7.97680276916943,2.48463188636303,NA
"115",2010,"PA","Democratic Open Seat",1814788,2172763,3987551,TRUE,-8.97731464751172,0.455113426762441,1.80154197491329,13,47.2572413153232,-5.37520251333299,54.5250617678391,8.90449306333129,20.7120618093849,2.32502081114041,NA
"116",2010,"SC","Republican Open Seat",630534,690525,1344198,TRUE,-4.46295858199462,0.477294352485392,-8.00246795322603,13,47.2572413153232,-5.37520251333299,54.5250617678391,8.90449306333129,-10.3293917681363,-7.66923053168851,NA
"117",2010,"SD","Republican Open Seat",122037,195046,317083,TRUE,-23.0252016033657,0.384873991983172,-8.3854095368256,13,47.2572413153232,-5.37520251333299,54.5250617678391,8.90449306333129,-25.5624307020995,-10.2444566847709,NA
"118",2010,"TN","Democratic Open Seat",529851,1041545,1601549,TRUE,-31.9499434609868,0.33718489801425,-9.95845841166372,13,47.2572413153232,-5.37520251333299,54.5250617678391,8.90449306333129,38.8572427798206,-5.04517158394861,NA
"119",2010,"TX","Republican Incumbent",2106395,2737481,4979870,FALSE,-12.672740453064,0.434857333259563,-9.76480694844866,13,47.2572413153232,-5.37520251333299,54.5250617678391,8.90449306333129,-17.8479429124413,-10.2589312498448,-6.23457347608303
"120",2010,"VT","Republican Open Seat",119543,115212,241605,TRUE,1.79259535191739,0.50922451066005,14.3143304283507,13,47.2572413153232,-5.37520251333299,54.5250617678391,8.90449306333129,-31.6398451823182,9.93002888777455,NA
"121",2010,"WI","Democratic Open Seat",1004303,1128941,2160832,TRUE,-5.76805600805616,0.470786745444966,2.90440309346548,13,47.2572413153232,-5.37520251333299,54.5250617678391,8.90449306333129,7.38714900309941,1.01680909063422,NA
"122",2010,"WY","Democratic Open Seat",43240,123780,188463,TRUE,-42.7351787884094,0.258891150760388,-19.9349997205805,13,47.2572413153232,-5.37520251333299,54.5250617678391,8.90449306333129,39.9273822540383,-19.6359142308152,NA
"123",2012,"DE","Democratic Incumbent",275993,113793,398033,FALSE,40.7503900430366,0.708062885788612,8.00117413772368,6,51.9837232960326,3.9674465920651,53.6511156186613,7.30223123732251,35.4750964059068,5.40283543928364,17.367194290017
"124",2012,"IN","Republican Open Seat",1200016,1275424,2577329,TRUE,-2.9258197149064,0.484768768380571,-4.64971038934669,6,51.9837232960326,3.9674465920651,53.6511156186613,7.30223123732251,-17.8057011145993,-8.9746132612465,NA
"125",2012,"MO","Democratic Incumbent",1386582,1136459,2593547,FALSE,9.64405117778857,0.549567763662977,-3.39091893958309,6,51.9837232960326,3.9674465920651,53.6511156186613,7.30223123732251,16.5121334164547,-2.29858210412472,13.8070663873817
"126",2012,"MT","Democratic Open Seat",236450,228879,483489,TRUE,1.56590946226284,0.508135104409998,-5.98380158403842,6,51.9837232960326,3.9674465920651,53.6511156186613,7.30223123732251,32.9547555749136,-10.4449580672721,NA
"127",2012,"NC","Democratic Open Seat",1931580,2440707,4468295,TRUE,-11.3942118861893,0.441777952819657,-3.87132693637544,6,51.9837232960326,3.9674465920651,53.6511156186613,7.30223123732251,3.39711886390559,-5.45328868761377,NA
"128",2012,"ND","Republican Incumbent",109047,200526,317812,FALSE,-28.7839980869193,0.352249711699664,-9.23421509251025,6,51.9837232960326,3.9674465920651,53.6511156186613,7.30223123732251,-50.9135486486829,-13.2696751959687,-31.676429494068
"129",2012,"NH","Democratic Open Seat",378934,295026,693877,TRUE,12.0926331323851,0.562249985162324,1.38867158415082,6,51.9837232960326,3.9674465920651,53.6511156186613,7.30223123732251,7.60641979202257,1.38867158415082,NA
"130",2012,"UT","Republican Incumbent",277622,688592,1006524,FALSE,-40.8306210284106,0.287329721987055,-19.1666872305512,6,51.9837232960326,3.9674465920651,53.6511156186613,7.30223123732251,-57.9092038814415,-22.0970161687797,-21.0174027812046
"131",2012,"VT","Democratic Incumbent",170598,110940,295261,FALSE,20.2051744050179,0.605950173688809,14.3143304283507,6,51.9837232960326,3.9674465920651,53.6511156186613,7.30223123732251,1.79259535191739,14.3143304283507,-34.1382967421065
"132",2012,"WA","Democratic Open Seat",1582802,1488245,3071047,TRUE,3.07898250987367,0.515394912549368,5.04034811147931,6,51.9837232960326,3.9674465920651,53.6511156186613,7.30223123732251,6.48095050655008,4.3152855740839,NA
"133",2014,"AL","Republican Incumbent",427787,750231,1180413,FALSE,-27.31620204115,0.363141310234648,-13.5354684651612,14,47.6805027803091,-4.61204572614096,50.7510701756485,1.47398169946494,-15.7107837724432,-13.8279263142157,10.4710871565233
"134",2014,"AR","Democratic Open Seat",352115,470429,848592,TRUE,-13.9423892754115,0.428080443113074,-14.0593055427913,14,47.6805027803091,-4.61204572614096,50.7510701756485,1.47398169946494,30.7873851482019,-11.2980339319205,NA
"135",2014,"AZ","Republican Open Seat",626921,805062,1506416,TRUE,-11.8254851249588,0.437799191750181,-6.9390817243712,14,47.6805027803091,-4.61204572614096,50.7510701756485,1.47398169946494,-11.8628119862437,-6.98948320829995,NA
"136",2014,"CA","Democratic Incumbent",4388368,2929213,7317581,FALSE,19.9404010696978,0.599702005348489,9.57364939367909,14,47.6805027803091,-4.61204572614096,50.7510701756485,1.47398169946494,12.8849347485955,8.03386089592903,-4.6567687427275
"137",2014,"CO","Democratic Incumbent",1006433,938195,2041607,FALSE,3.34236706672734,0.517545258013358,0.798135901925839,14,47.6805027803091,-4.61204572614096,50.7510701756485,1.47398169946494,16.8257307074559,-2.05208926758978,19.4559275431705
"138",2014,"CT","Democratic Incumbent",554314,526295,1092065,FALSE,2.56568977121325,0.512964448750658,7.00877390921882,14,47.6805027803091,-4.61204572614096,50.7510701756485,1.47398169946494,0.5589200728586,7.37220199542208,-15.6594656174505
"139",2014,"FL","Republican Incumbent",2801198,2865343,5951561,FALSE,-1.07778446696589,0.494340021540478,-1.71445836395302,14,47.6805027803091,-4.61204572614096,50.7510701756485,1.47398169946494,-1.14837767165727,-2.00295458024675,1.38354978937129
"140",2014,"GA","Republican Incumbent",1144794,1345237,2550648,FALSE,-7.8585128171351,0.459750902699605,-6.02514207793522,14,47.6805027803091,-4.61204572614096,50.7510701756485,1.47398169946494,-10.0467711451264,-6.49511621817687,1.46947959176239
"141",2014,"HI","Democratic Open Seat",181106,135775,366210,TRUE,12.3784167554136,0.571526850773634,19.6126192389901,14,47.6805027803091,-4.61204572614096,50.7510701756485,1.47398169946494,17.0986216649284,15.8903632258121,NA
"142",2014,"IA","Republican Incumbent",420787,666032,1129057,FALSE,-21.7212239948913,0.38717302513114,1.03113701675224,14,47.6805027803091,-4.61204572614096,50.7510701756485,1.47398169946494,-9.59846276290916,1.11710711545664,-13.3066586932874
"143",2014,"ID","Republican Incumbent",169556,235405,439830,FALSE,-14.9714662483232,0.418697109104333,-17.9727589606264,14,47.6805027803091,-4.61204572614096,50.7510701756485,1.47398169946494,-26.2527760283735,-17.0344333105721,6.34210889330577
"144",2014,"IL","Democratic Incumbent",1681343,1823627,3627690,FALSE,-3.9221653448889,0.479702536683624,7.21613717853779,14,47.6805027803091,-4.61204572614096,50.7510701756485,1.47398169946494,0.853460961949218,8.41755013484224,-17.4556210072002
"145",2014,"KS","Republican Incumbent",401100,433196,869502,FALSE,-3.69130835811764,0.480764620710156,-12.5988925937093,14,47.6805027803091,-4.61204572614096,50.7510701756485,1.47398169946494,-31.067847733044,-11.3612879704183,-9.81925349167237
"146",2014,"MA","Democratic Open Seat",1004408,1044573,2158326,TRUE,-1.86093296378768,0.490198786616372,9.70320462424214,14,47.6805027803091,-4.61204572614096,50.7510701756485,1.47398169946494,6.41769686975276,10.648216127297,NA
"147",2014,"MD","Democratic Open Seat",818890,884400,1733177,TRUE,-3.7797639825592,0.480769569480241,10.8232447867111,14,47.6805027803091,-4.61204572614096,50.7510701756485,1.47398169946494,14.4595991129675,8.90365511057381,NA
"148",2014,"ME","Republican Incumbent",264596,294258,610371,FALSE,-4.85966731709075,0.473461762821775,5.65315154761316,14,47.6805027803091,-4.61204572614096,50.7510701756485,1.47398169946494,5.67766582869811,3.84983846707207,-3.49599280491097
"149",2014,"MI","Republican Incumbent",1479057,1607399,3156531,FALSE,-4.06591920054009,0.479208840171381,3.29265307073231,14,47.6805027803091,-4.61204572614096,50.7510701756485,1.47398169946494,-18.2113445138508,4.27463088814155,-28.2345879895989
"150",2014,"MN","Democratic Incumbent",989113,879257,1975406,FALSE,5.5611859030498,0.529398887800596,1.8626922184321,14,47.6805027803091,-4.61204572614096,50.7510701756485,1.47398169946494,0.416227460476189,1.92695248824615,-4.91165921548105
"151",2014,"NE","Republican Open Seat",211905,308751,540202,TRUE,-17.9277381423986,0.406996174057343,-12.6498826834002,14,47.6805027803091,-4.61204572614096,50.7510701756485,1.47398169946494,-47.8089625154717,-12.3539465424885,NA
"152",2014,"NH","Democratic Incumbent",254666,230610,486183,FALSE,4.94793112881364,0.524785895037051,0.941877887031229,14,47.6805027803091,-4.61204572614096,50.7510701756485,1.47398169946494,12.0926331323851,1.38867158415082,7.84130826461856
"153",2014,"NM","Republican Incumbent",219362,293443,512805,FALSE,-14.446231998518,0.42776884000741,3.48705711319119,14,47.6805027803091,-4.61204572614096,50.7510701756485,1.47398169946494,-6.73576332845078,3.21328463154383,-14.6363142910034
"154",2014,"NV","Republican Incumbent",130722,386340,547349,FALSE,-46.7010992986193,0.252816876892906,1.7517697771192,14,47.6805027803091,-4.61204572614096,50.7510701756485,1.47398169946494,-11.7481637170303,2.02534825171606,-17.2728419199274
"155",2014,"NY","Democratic Incumbent",2069480,1537077,3819086,FALSE,13.9405868315089,0.573810423625635,11.7193424193998,14,47.6805027803091,-4.61204572614096,50.7510701756485,1.47398169946494,29.2678304078818,10.0691458423845,7.65555702364788
"156",2014,"OH","Republican Incumbent",1009359,1944848,3055913,FALSE,-30.612422539516,0.34166833942239,-0.681196783412183,14,47.6805027803091,-4.61204572614096,50.7510701756485,1.47398169946494,-2.00201481179991,-0.949616020468007,-1.57676447032884
"157",2014,"OK","Republican Incumbent",338239,460298,824831,FALSE,-14.7980616635408,0.423573359781701,-18.8910814646255,14,47.6805027803091,-4.61204572614096,50.7510701756485,1.47398169946494,-20.8979412756688,-18.0617176691748,13.7515123632158
"158",2014,"OR","Democratic Incumbent",733230,648542,1469717,FALSE,5.76219775643882,0.530644708388938,4.4062343016776,14,47.6805027803091,-4.61204572614096,50.7510701756485,1.47398169946494,1.52991163690501,4.40214091556727,-8.74835189369447
"159",2014,"PA","Republican Incumbent",1920355,1575511,3495866,FALSE,9.86433690536193,0.54932168452681,0.955805078600257,14,47.6805027803091,-4.61204572614096,50.7510701756485,1.47398169946494,-8.97731464751172,1.80154197491329,-14.0543802968032
"160",2014,"RI","Third-Party/Independent Open Seat",131899,117428,324055,TRUE,4.46559997531283,0.529020122168879,11.6507840561217,14,47.6805027803091,-4.61204572614096,50.7510701756485,1.47398169946494,-2.0169127072737,12.6896015079513,NA
"161",2014,"SC","Republican Incumbent",516166,696645,1246301,FALSE,-14.481172686213,0.425594754664989,-7.51786970241604,14,47.6805027803091,-4.61204572614096,50.7510701756485,1.47398169946494,-4.46295858199462,-8.00246795322603,10.0679956249925
"162",2014,"SD","Republican Incumbent",70549,195477,277403,FALSE,-45.0348410074873,0.26519588310917,-10.388372538865,14,47.6805027803091,-4.61204572614096,50.7510701756485,1.47398169946494,-23.0252016033657,-8.3854095368256,-7.72836422917942
"163",2014,"TN","Republican Incumbent",309237,951796,1353728,FALSE,-47.4658867955749,0.245225144782095,-12.0717429719989,14,47.6805027803091,-4.61204572614096,50.7510701756485,1.47398169946494,-31.9499434609868,-9.95845841166372,-13.5070083371243
"164",2014,"TX","Republican Open Seat",1835596,2796547,4718268,TRUE,-20.3666048643273,0.396273603815772,-9.89047847575469,14,47.6805027803091,-4.61204572614096,50.7510701756485,1.47398169946494,-12.672740453064,-9.76480694844866,NA
"165",2014,"VT","Democratic Incumbent",89509,87075,193087,FALSE,1.26057165940742,0.506891904136275,16.0096681779378,14,47.6805027803091,-4.61204572614096,50.7510701756485,1.47398169946494,20.2051744050179,14.3143304283507,-9.89746815114841
"166",2014,"WI","Republican Incumbent",1122913,1259706,2410314,FALSE,-5.67531865142882,0.47129356393112,2.00063498851788,14,47.6805027803091,-4.61204572614096,50.7510701756485,1.47398169946494,-5.76805600805616,2.90440309346548,-13.0508438944521
"167",2014,"WY","Republican Incumbent",45752,99700,167877,FALSE,-32.135432489263,0.314550504633831,-22.4115527241048,14,47.6805027803091,-4.61204572614096,50.7510701756485,1.47398169946494,-42.7351787884094,-19.9349997205805,-4.33916104671334
"168",2016,"DE","Democratic Open Seat",248404,166852,425812,TRUE,19.1521140785135,0.59819484847901,7.84417947524103,7,51.1134676564157,2.22693531283139,51.9837232960326,3.9674465920651,40.7503900430366,8.00117413772368,NA
"169",2016,"IN","Republican Open Seat",1235503,1397396,2719968,TRUE,-5.95201855315945,0.469255751929717,-6.17843108396527,7,51.1134676564157,2.22693531283139,51.9837232960326,3.9674465920651,-2.9258197149064,-4.64971038934669,NA
"170",2016,"MO","Democratic Open Seat",1179024,1408113,2674968,TRUE,-8.56417721632558,0.455725382923285,-6.00146622914387,7,51.1134676564157,2.22693531283139,51.9837232960326,3.9674465920651,9.64405117778857,-3.39091893958309,NA
"171",2016,"MT","Democratic Incumbent",255933,236115,509360,FALSE,3.89076488141982,0.520138279192274,-7.98407065098647,7,51.1134676564157,2.22693531283139,51.9837232960326,3.9674465920651,1.56590946226284,-5.98380158403842,9.56606603827458
"172",2016,"NC","Republican Incumbent",2309157,2298880,4711014,FALSE,0.218148364662045,0.501115116914209,-3.13460672892665,7,51.1134676564157,2.22693531283139,51.9837232960326,3.9674465920651,-11.3942118861893,-3.87132693637544,-7.61900460550347
"173",2016,"ND","Republican Open Seat",65855,259863,339601,TRUE,-57.1282181147876,0.202184097900638,-11.0961827800242,7,51.1134676564157,2.22693531283139,51.9837232960326,3.9674465920651,-28.7839980869193,-9.23421509251025,NA
"174",2016,"NH","Democratic Open Seat",337589,354040,724863,TRUE,-2.26953231162302,0.488107063179826,0.941877887031229,7,51.1134676564157,2.22693531283139,51.9837232960326,3.9674465920651,4.94793112881364,0.941877887031229,NA
"175",2016,"OR","Democratic Incumbent",985027,845609,1946046,FALSE,7.16416775348579,0.53807911567346,4.4062343016776,7,51.1134676564157,2.22693531283139,51.9837232960326,3.9674465920651,5.76219775643882,4.4062343016776,-7.01771743898147
"176",2016,"UT","Republican Incumbent",323349,750850,1125035,FALSE,-37.9989067006804,0.301014057916643,-24.5018033912354,7,51.1134676564157,2.22693531283139,51.9837232960326,3.9674465920651,-40.8306210284106,-19.1666872305512,-6.46469315937335
"177",2016,"VT","Democratic Open Seat",139253,166817,315295,TRUE,-8.7422889674749,0.454971085045905,16.0096681779378,7,51.1134676564157,2.22693531283139,51.9837232960326,3.9674465920651,1.26057165940742,16.0096681779378,NA
"178",2016,"WA","Democratic Incumbent",1760520,1476346,3245282,FALSE,8.7565271677469,0.54389647269921,5.5086590268039,7,51.1134676564157,2.22693531283139,51.9837232960326,3.9674465920651,3.07898250987367,5.04034811147931,-10.9691603051501
"179",2016,"WV","Democratic Open Seat",350408,301987,713879,TRUE,6.78280212753142,0.537110186313506,-14.3247305425061,7,51.1134676564157,2.22693531283139,51.9837232960326,3.9674465920651,4.84261537651158,-9.06054189375495,NA
"180",2018,"AL","Republican Open Seat",694495,1022457,1719589,TRUE,-19.0721154880614,0.404492961946519,-14.9156963951499,15,53.1856427221724,6.35735659266923,49.2017959205056,-1.56736837866369,-27.31620204115,-13.5354684651612,NA
"181",2018,"AR","Republican Incumbent",283218,582406,891509,FALSE,-33.5597285052647,0.327183627071338,-15.0834861714552,15,53.1856427221724,6.35735659266923,49.2017959205056,-1.56736837866369,-13.9423892754115,-14.0593055427913,15.7435901888348
"182",2018,"AZ","Republican Incumbent",994341,1330863,2376441,FALSE,-14.1607555163372,0.427636026774425,-3.90189417302529,15,53.1856427221724,6.35735659266923,49.2017959205056,-1.56736837866369,-11.8254851249588,-6.9390817243712,3.62004670244725
"183",2018,"CA","Democratic Open Seat",7721410,4742825,12464235,TRUE,23.8970542516247,0.619485271258124,13.7411973920033,15,53.1856427221724,6.35735659266923,49.2017959205056,-1.56736837866369,19.9404010696978,9.57364939367909,NA
"184",2018,"CO","Democratic Open Seat",1348888,1080801,2525062,TRUE,10.6170462349043,0.555168994879592,1.36850134687652,15,53.1856427221724,6.35735659266923,49.2017959205056,-1.56736837866369,3.34236706672734,0.798135901925839,NA
"185",2018,"CT","Democratic Open Seat",694510,650138,1406803,TRUE,3.15410188917709,0.516499485367174,6.21838066512604,15,53.1856427221724,6.35735659266923,49.2017959205056,-1.56736837866369,2.56568977121325,7.00877390921882,NA
"186",2018,"FL","Republican Open Seat",4043723,4076186,8220561,TRUE,-0.394900056091062,0.498001024395717,-1.68459513605995,15,53.1856427221724,6.35735659266923,49.2017959205056,-1.56736837866369,-1.07778446696589,-1.71445836395302,NA
"187",2018,"GA","Republican Open Seat",1923685,1978408,3939328,TRUE,-1.38914555985183,0.492987993879182,-4.31607329031149,15,53.1856427221724,6.35735659266923,49.2017959205056,-1.56736837866369,-7.8585128171351,-6.02514207793522,NA
"188",2018,"HI","Democratic Incumbent",244934,131719,390843,FALSE,28.966874166865,0.650290851260975,17.17378177105,15,53.1856427221724,6.35735659266923,49.2017959205056,-1.56736837866369,12.3784167554136,19.6126192389901,-25.2794533439029
"189",2018,"IA","Republican Incumbent",630986,667275,1327638,FALSE,-2.73335050668932,0.486023996715606,-4.38885446813512,15,53.1856427221724,6.35735659266923,49.2017959205056,-1.56736837866369,-21.7212239948913,1.03113701675224,-22.2161296497321
"190",2018,"ID","Republican Open Seat",231081,361661,605131,TRUE,-21.5787986402944,0.38985089634276,-19.1690107878179,15,53.1856427221724,6.35735659266923,49.2017959205056,-1.56736837866369,-14.9714662483232,-17.9727589606264,NA
"191",2018,"IL","Republican Open Seat",2479746,1765751,4547657,TRUE,15.7002825850762,0.584088506010015,7.5786670147323,15,53.1856427221724,6.35735659266923,49.2017959205056,-1.56736837866369,-3.9221653448889,7.21613717853779,NA
"192",2018,"KS","Republican Open Seat",506509,453030,1055060,TRUE,5.06881125244062,0.527867027812314,-12.5438302999441,15,53.1856427221724,6.35735659266923,49.2017959205056,-1.56736837866369,-3.69130835811764,-12.5988925937093,NA
"193",2018,"MA","Republican Incumbent",885770,1781341,2674615,FALSE,-33.484108927827,0.332108412435778,12.4520587605485,15,53.1856427221724,6.35735659266923,49.2017959205056,-1.56736837866369,-1.86093296378768,9.70320462424214,-19.6999738336083
"194",2018,"MD","Republican Incumbent",1002639,1275644,2304512,FALSE,-11.8465427821595,0.440085362529589,12.5115665512064,15,53.1856427221724,6.35735659266923,49.2017959205056,-1.56736837866369,-3.7797639825592,10.8232447867111,-23.8588851773177
"195",2018,"ME","Republican Open Seat",318984,272034,628338,TRUE,7.47209304546279,0.539719602448656,1.70754237795381,15,53.1856427221724,6.35735659266923,49.2017959205056,-1.56736837866369,-4.85966731709075,5.65315154761316,NA
"196",2018,"MI","Republican Open Seat",2266193,1859534,4250585,TRUE,9.56713017149404,0.549283314189233,-0.219149711246594,15,53.1856427221724,6.35735659266923,49.2017959205056,-1.56736837866369,-4.06591920054009,3.29265307073231,NA
"197",2018,"MN","Democratic Open Seat",1393096,1097705,2587287,TRUE,11.417017130299,0.559296386985552,0.278167749316157,15,53.1856427221724,6.35735659266923,49.2017959205056,-1.56736837866369,5.5611859030498,1.8626922184321,NA
"198",2018,"NE","Republican Incumbent",286169,411812,697981,FALSE,-18.0009197958111,0.409995401020945,-14.307971675425,15,53.1856427221724,6.35735659266923,49.2017959205056,-1.56736837866369,-17.9277381423986,-12.6498826834002,8.93939560306551
"199",2018,"NH","Republican Incumbent",262359,302764,573602,FALSE,-7.04408283095247,0.464251145325885,-0.474822239969846,15,53.1856427221724,6.35735659266923,49.2017959205056,-1.56736837866369,-2.26953231162302,0.941877887031229,-2.58591970702179
"200",2018,"NM","Republican Open Seat",398368,298091,696459,TRUE,14.3981196308756,0.571990598154378,3.48092394354176,15,53.1856427221724,6.35735659266923,49.2017959205056,-1.56736837866369,-14.446231998518,3.48705711319119,NA
"201",2018,"NV","Republican Open Seat",480007,440320,971799,TRUE,4.08386919517308,0.521561358082508,0.49113603950563,15,53.1856427221724,6.35735659266923,49.2017959205056,-1.56736837866369,-46.7010992986193,1.7517697771192,NA
"202",2018,"NY","Democratic Incumbent",3635340,2207602,6104477,FALSE,23.3883754496905,0.622176294065558,10.5869536962329,15,53.1856427221724,6.35735659266923,49.2017959205056,-1.56736837866369,13.9405868315089,11.7193424193998,-7.93072962862701
"203",2018,"OH","Republican Open Seat",2067847,2231917,4429582,TRUE,-3.70396123155639,0.480921045899263,-4.15315686493383,15,53.1856427221724,6.35735659266923,49.2017959205056,-1.56736837866369,-30.612422539516,-0.681196783412183,NA
"204",2018,"OK","Republican Open Seat",500973,644579,1186385,TRUE,-12.1045023327166,0.437320174029638,-20.0026644308201,15,53.1856427221724,6.35735659266923,49.2017959205056,-1.56736837866369,-14.7980616635408,-18.8910814646255,NA
"205",2018,"OR","Democratic Incumbent",934498,814988,1866997,FALSE,6.40118864679483,0.534155746316347,4.83381692196106,15,53.1856427221724,6.35735659266923,49.2017959205056,-1.56736837866369,7.16416775348579,4.4062343016776,-0.080932471205724
"206",2018,"PA","Democratic Incumbent",2895652,2039882,5012555,FALSE,17.0725308749729,0.586694773047861,-0.944847909084576,15,53.1856427221724,6.35735659266923,49.2017959205056,-1.56736837866369,9.86433690536193,0.955805078600257,9.52009512682511
"207",2018,"RI","Democratic Incumbent",198122,139932,376401,FALSE,15.4595763560671,0.586066131446455,8.36055304709264,15,53.1856427221724,6.35735659266923,49.2017959205056,-1.56736837866369,4.46559997531283,11.6507840561217,-17.2685997582669
"208",2018,"SC","Republican Incumbent",784182,921342,1707569,FALSE,-8.03247189425435,0.459789484052995,-8.25328751285426,15,53.1856427221724,6.35735659266923,49.2017959205056,-1.56736837866369,-14.481172686213,-7.51786970241604,2.12193509728273
"209",2018,"SD","Republican Open Seat",160740,172399,337967,TRUE,-3.44974509345587,0.482501298256884,-15.6145046164004,15,53.1856427221724,6.35735659266923,49.2017959205056,-1.56736837866369,-45.0348410074873,-10.388372538865,NA
"210",2018,"TN","Republican Open Seat",864863,1336106,2243294,TRUE,-21.0067427630975,0.392946470395539,-14.1469991976373,15,53.1856427221724,6.35735659266923,49.2017959205056,-1.56736837866369,-47.4658867955749,-12.0717429719989,NA
"211",2018,"TX","Republican Incumbent",3546615,4656196,8343443,FALSE,-13.2988383812294,0.432365807282406,-6.86792505357549,15,53.1856427221724,6.35735659266923,49.2017959205056,-1.56736837866369,-20.3666048643273,-9.89047847575469,0.98172046584574
"212",2018,"VT","Republican Incumbent",110335,151261,274087,FALSE,-14.9317552455972,0.421776326855151,14.620602883143,15,53.1856427221724,6.35735659266923,49.2017959205056,-1.56736837866369,-8.7422889674749,16.0096681779378,-39.1942569446868
"213",2018,"WI","Republican Incumbent",1324307,1295080,2673308,FALSE,1.09328966209655,0.505578977066008,-0.750460853571974,15,53.1856427221724,6.35735659266923,49.2017959205056,-1.56736837866369,-5.67531865142882,2.00063498851788,-8.10922024980089
"214",2018,"WY","Republican Open Seat",55965,136412,203238,TRUE,-39.5826567866245,0.290913154898974,-25.9001797910656,15,53.1856427221724,6.35735659266923,49.2017959205056,-1.56736837866369,-32.135432489263,-22.4115527241048,NA
"215",2020,"DE","Democratic Incumbent",292903,190312,492635,FALSE,20.8249515361272,0.606154610266652,5.52967324626056,8,52.2935779816514,4.58715596330275,51.1134676564157,2.22693531283139,19.1521140785135,7.84417947524103,1.23681981520007
"216",2020,"IN","Republican Incumbent",968092,1706724,3020383,FALSE,-24.4549118439615,0.361928446666986,-10.1176034233726,8,52.2935779816514,4.58715596330275,51.1134676564157,2.22693531283139,-5.95201855315945,-6.17843108396527,4.1779083019397
"217",2020,"MO","Republican Incumbent",1225771,1720202,3012287,FALSE,-16.4138078476586,0.41608358257187,-9.87122740385418,8,52.2935779816514,4.58715596330275,51.1134676564157,2.22693531283139,-8.56417721632558,-6.00146622914387,1.21181992913077
"218",2020,"MT","Democratic Open Seat",250860,328548,603608,TRUE,-12.8706047633564,0.432959158313313,-11.4218377700586,8,52.2935779816514,4.58715596330275,51.1134676564157,2.22693531283139,3.89076488141982,-7.98407065098647,NA
"219",2020,"NC","Democratic Incumbent",2834790,2586604,5502777,FALSE,4.51019548856877,0.522889500375734,-3.01758189621101,8,52.2935779816514,4.58715596330275,51.1134676564157,2.22693531283139,0.218148364662045,-3.13460672892665,4.26042650968396
"220",2020,"ND","Republican Incumbent",90789,235479,357659,FALSE,-40.4547348172421,0.278265107212476,-18.7174375238147,8,52.2935779816514,4.58715596330275,51.1134676564157,2.22693531283139,-57.1282181147876,-11.0961827800242,-37.1627878675706
"221",2020,"NH","Republican Incumbent",264639,516609,793260,FALSE,-31.7638605249225,0.338738787171295,-0.474822239969846,8,52.2935779816514,4.58715596330275,51.1134676564157,2.22693531283139,-7.04408283095247,-0.474822239969846,-8.32137366384417
"222",2020,"UT","Republican Open Seat",442754,918754,1458878,TRUE,-32.627813977591,0.325193829195275,-16.7753224464749,8,52.2935779816514,4.58715596330275,51.1134676564157,2.22693531283139,-37.9989067006804,-24.5018033912354,NA
"223",2020,"VT","Republican Incumbent",99214,248412,362711,FALSE,-41.1341260673098,0.285404428897723,14.620602883143,8,52.2935779816514,4.58715596330275,51.1134676564157,2.22693531283139,-14.9317552455972,14.620602883143,-46.3998963247146
"224",2020,"WA","Democratic Incumbent",2294243,1749066,4056454,FALSE,13.4397431845646,0.567417182312804,7.16624140138413,8,52.2935779816514,4.58715596330275,51.1134676564157,2.22693531283139,8.7565271677469,5.5086590268039,-4.48772619869229
"225",2024,"DE",NA,NA,NA,NA,TRUE,NA,NA,NA,NA,NA,NA,NA,NA,20.8249515361272,5.52967324626056,NA
"226",2024,"IN",NA,NA,NA,NA,TRUE,NA,NA,NA,NA,NA,NA,NA,NA,-24.4549118439615,-10.1176034233726,NA
"227",2024,"MO",NA,NA,NA,NA,TRUE,NA,NA,NA,NA,NA,NA,NA,NA,-16.4138078476586,-9.87122740385418,NA
"228",2024,"MT",NA,NA,NA,NA,FALSE,NA,NA,NA,NA,NA,NA,NA,NA,-12.8706047633564,-11.4218377700586,NA
"229",2024,"NH",NA,NA,NA,NA,TRUE,NA,NA,NA,NA,NA,NA,NA,NA,-31.7638605249225,-0.474822239969846,NA
"230",2024,"NC",NA,NA,NA,NA,TRUE,NA,NA,NA,NA,NA,NA,NA,NA,4.51019548856877,-3.01758189621101,NA
"231",2024,"ND",NA,NA,NA,NA,TRUE,NA,NA,NA,NA,NA,NA,NA,NA,-40.4547348172421,-18.7174375238147,NA
"232",2024,"UT",NA,NA,NA,NA,FALSE,NA,NA,NA,NA,NA,NA,NA,NA,-32.627813977591,-16.7753224464749,NA
"233",2024,"VT",NA,NA,NA,NA,TRUE,NA,NA,NA,NA,NA,NA,NA,NA,-41.1341260673098,14.620602883143,NA
"234",2024,"WA",NA,NA,NA,NA,TRUE,NA,NA,NA,NA,NA,NA,NA,NA,13.4397431845646,7.16624140138413,NA
"235",2024,"WV",NA,NA,NA,NA,TRUE,NA,NA,NA,NA,NA,NA,NA,NA,-33.9384290404316,-21.371253629553,NA
