state,district,office_type,05/07/2024,05/09/2024,05/10/2024,05/11/2024,05/12/2024,05/13/2024,05/14/2024,05/15/2024,05/16/2024,05/17/2024
AL,1,House,-42.05535143358651,-42.79737746022816,-41.45084548401083,-42.48226100788726,-43.44312652753708,-41.82617829262739,-41.77545611309479,-43.448925088395015,-41.86241687763268,-42.37870376183212
AL,2,House,5.850849301954176,7.217730342104669,6.129667652721368,6.093551319592494,9.66932765729868,6.034767068826491,6.752833224144063,7.93357102559316,7.645426331744661,7.287741848901032
AL,6,House,-34.304342983135626,-35.24838715458796,-34.498336964982244,-34.78237935169972,-35.98993976223863,-35.28432220541859,-34.23316676115701,-35.62315047510016,-34.95352694130811,-34.583217403201246
AL,7,House,28.667795193924057,29.95698261559871,28.85533029125916,28.395831669423544,29.961118852140267,28.346127073566173,29.012331557810604,30.35261494329957,28.86415329204663,29.442765595090023
AZ,1,House,0.5219743648945782,-0.204500015769686,0.765886400169776,0.1217149088369477,1.4886025891188397,-0.2995360111617596,1.0203063254565032,0.7407736848979414,0.1373669412771367,0.7412876746758162
AZ,2,House,-18.27498888572729,-18.74134454685209,-18.046345751430792,-18.328979625599253,-19.06730467017588,-18.78304479260345,-18.377205698466035,-18.19998886704007,-18.877230077374705,-18.282436451118333
AZ,3,House,49.93517393128497,50.70990616094719,49.885279635232834,49.95545099811861,50.64626966496067,49.704158901439406,50.24997320742659,50.41917209654508,50.13097043058061,50.40773664988241
AZ,4,House,15.033695453526729,15.979504943490197,15.475131545411797,15.014790402542843,15.479932058754663,15.17440070469695,14.869194166754571,15.663174916707852,15.39469301868721,15.955494435576503
AZ,5,House,-26.267404287154527,-26.090952051152605,-25.79157796285302,-26.512171822308435,-26.37069533885193,-26.05201166197692,-25.4041291066275,-26.145454339941026,-26.242604276485277,-25.928270728243383
AZ,6,House,-7.977351612036733,-8.559231234591994,-7.627252668598732,-8.027165405520213,-7.86669915427046,-8.215394649315328,-7.327757572869334,-8.201921889327348,-8.322736302957981,-7.592251103070684
AZ,7,House,20.805864256069466,21.33146532634025,21.016711842407204,20.920289644838817,22.03827974064293,20.533284359259063,20.602835877054524,21.59075474841924,21.72843105774915,21.58273076256902
AZ,8,House,-21.847432571030456,-21.90855998506791,-21.710846587297247,-21.929204344793163,-22.07573713790621,-21.80749504339886,-21.6978236448216,-21.60817833453109,-21.97519159500729,-21.670094451796096
AZ,9,House,-25.100180492957733,-25.26096155435286,-24.606840461204207,-25.10648441870502,-25.40582214586062,-25.1819280269264,-24.74232998585316,-24.91483824846968,-25.080948436826368,-24.894989961398473
AR,1,House,-44.59015274757914,-45.095745492901045,-43.63307874470998,-43.998991441609554,-44.84263073518896,-43.79001765298004,-43.68753622321242,-44.48437188993566,-44.07761090301447,-43.85309636010791
AR,2,House,-27.27979879499874,-27.658857538692,-26.946337630971883,-27.586622215087708,-27.804532685414586,-27.571096651555106,-27.16060485994064,-27.52366260971384,-27.42695727862018,-27.282382965831097
AR,3,House,-27.68796705050387,-27.89774837833261,-27.48232079740416,-27.699056532771664,-28.063056095492488,-27.905623139119303,-27.409259350528323,-27.90023558391478,-27.58258427578857,-27.72585192653542
AR,4,House,-42.53707426745736,-42.990865075438414,-42.43888117603524,-42.60091921788438,-43.36373381240509,-42.71005577079359,-42.27786994935609,-43.0635741805496,-42.28622858799304,-42.49759126073774
CA,1,House,-26.075530662086727,-25.89466049201827,-25.60391549821164,-26.126481771674875,-26.30205947623417,-25.87465219768281,-25.42739836040463,-26.309971234903845,-25.86683992746076,-25.71281180217176
CA,2,House,38.603029280949215,39.34974080338143,38.97172586364768,38.7081023706978,39.466975785604376,38.70592011659974,38.93210992326459,39.240132607638,39.33221730715932,39.26645730779416
CA,3,House,-13.008709777844215,-13.35484513372324,-12.68402338100332,-13.139267564072007,-12.7936230019002,-13.192461626102624,-12.654635279637818,-12.884743857610577,-13.363777567609642,-12.569207305203205
CA,4,House,32.80042093404547,33.61824700667498,32.7883301982404,32.62095258279591,33.5637800085358,32.910048051281706,33.62307492218831,33.849090189448376,33.36693180550679,33.58760503335091
CA,5,House,-25.373504860436537,-25.24956767847341,-24.73570490028236,-25.647101261362803,-25.70360351923784,-25.137448333212586,-24.5935250209375,-25.13035458240564,-25.337179706209614,-25.080570111637993
CA,6,House,18.611801878745453,19.260263033407384,18.93113374028772,19.184651289821502,19.3764912438902,18.677057672701057,18.112569205773923,19.739778464166616,18.18923952506337,19.375554137642553
CA,7,House,35.73720100912222,36.57869858223834,35.886006348852696,35.74537993217103,36.10130419322596,35.92283307004066,36.12664796936234,36.52240994745299,35.79505889629695,36.109169878996894
CA,8,House,46.14786798535903,47.24065560601916,46.28385565186515,45.97144751267632,47.32067148315666,46.24580368564341,46.3828592579458,47.00021104840901,46.55026691051276,46.73999121038273
CA,9,House,13.316195747298345,13.342609885339822,13.160332308583833,13.013585379852955,13.336648120824496,12.904774678438365,13.370374975003829,14.10684589842844,12.95725628123832,13.86555067756563
CA,10,House,40.0502225754737,41.02059009764187,40.42768821950621,40.03452559284693,40.883352156652464,40.514822537054414,40.04339028398224,40.78004191239671,40.72385753596873,40.76712838175553
CA,11,House,59.53659710312389,59.85815534710152,58.43927464251239,59.20329547274277,60.0544674581527,58.579617741474536,59.08041945066737,59.31656084123193,59.086638138062696,59.67032136067295
CA,13,House,-1.1372109626564786,-1.7435074476770265,-0.917901585385638,-1.1798812193590411,-0.627205066825754,-1.971718962038092,-0.2695663925598472,-0.7721359363383196,-1.7272474896544314,-1.0632799346035708
CA,14,House,31.874112298132832,33.060329709675244,32.08546119295124,31.9229054331182,33.23366551088506,32.44902906927145,31.59050347485213,32.646904435221465,32.39311378541903,32.13973775836918
CA,15,House,46.13357089005636,46.66618606070275,46.22064177283542,45.723423942144976,47.00875582266056,46.28748425775893,45.79704486477485,46.36086464111337,46.18527137125969,46.438415505601846
CA,17,House,41.46122923152707,42.53362614592877,40.92052855217199,41.58581392907131,42.23764223122245,41.41582238875336,41.71035018529956,41.86787753430137,41.63500888270826,41.61642674915571
CA,18,House,29.04195830382224,30.20448189073037,28.55292333339107,29.39215293744119,30.68463701361472,29.157507878787243,29.528095605737,30.632249050846795,29.406820804147248,29.956053016307678
CA,19,House,33.21280278095942,34.02530832052132,33.476875993586646,33.312881561924165,33.70302530293747,33.49716091000189,33.480915067332674,34.218244452592785,33.67757223648458,33.791605840134466
CA,21,House,11.62857735153015,12.598428777317755,12.646323100020156,12.14065658092709,11.776968842021594,11.391009951094048,12.393091733203798,12.750342975143775,11.157520100904204,12.638668161306288
CA,22,House,-1.129204827321958,-2.039757315516954,-0.9305987678081388,-1.6070112853881988,-0.7032001120631585,-1.8834699648566973,-0.3531090874820134,-0.9308080526295648,-2.1988357256700493,-1.3330103320961282
CA,23,House,-18.75454246855311,-18.901651730609373,-18.682773860438065,-18.782675338820034,-19.10368686878293,-18.87530116179757,-18.426103941015896,-18.95864716728898,-18.74814307424292,-18.530271168396794
CA,24,House,26.29898321367524,27.28087221738523,26.4833105952484,26.402408688768737,27.811883789969283,25.79980338394181,26.19969416286157,27.522931775345203,26.50698935584139,27.1312600069665
CA,25,House,20.76863413728385,21.19556989167101,20.82896650325023,20.49350327427501,22.29708719414785,20.15974491414616,20.57882786917711,21.329325611197483,20.6548494964524,21.703855283337838
CA,26,House,19.47684566512463,19.376989588968986,19.432803988044213,19.439025227134383,19.576954853562707,18.231729140615755,19.69226145736286,20.01864438377809,18.5478687146814,19.455963067592634
CA,27,House,-0.2668079218331738,-1.003066842785219,0.440913990623025,0.0264584034850083,0.7764289196968102,-0.796884656963819,0.4663692927013031,-0.2538683891644843,-0.6277311291854977,0.14853642866529673
CA,28,House,26.719528110374483,27.88106134675688,26.843265146868823,27.399142196701195,27.68038992324764,26.77746504565213,26.79022864020886,28.19541359970718,26.98200513699756,27.679743528762245
CA,29,House,51.84704002461787,52.37292654231079,51.41137115695743,51.61021726477161,52.74299378806348,51.53503020433657,51.81066000593312,52.17823962021296,51.98905363606596,52.135959978260374
CA,30,House,46.23477121213995,46.528149487117815,46.20103410302771,46.07626575733648,46.50504763193973,45.91551762254774,46.325461317201686,46.40540096262741,46.18507010230984,46.26373629060461
CA,31,House,35.06158759628663,35.70583544877766,35.152891974684565,34.68607907538496,35.53728010836487,35.131867376136114,35.22029205355719,35.7240770135761,35.30195676149643,35.36795524789311
CA,32,House,35.80536695137536,36.92893448115626,35.823653764290924,36.03762033855257,36.49009929807711,36.142296107987576,35.869349760231714,36.558761803967855,36.19809681657601,36.21374783334507
CA,33,House,22.52706077081899,23.234279389939104,22.4472896923753,22.454220350238792,24.07612430942572,21.980341414170688,22.31333802548633,23.2177952379307,21.738176742182134,23.124609914265505
CA,35,House,19.9534703468114,20.284952729229364,19.84299607306801,20.47654618108529,20.52796855905614,19.689351859947784,19.30790833775169,20.21734610346189,19.649379894299628,20.626209554649975
CA,36,House,37.37669707359706,38.43845573164353,37.32328502950102,37.59816089663377,37.93724964581071,37.569760257083416,37.78581529617247,37.97559716560651,37.62839193179326,37.88770957887546
CA,38,House,22.41505068334363,22.83921441283905,22.752548465274188,23.00341871665365,23.91914767712709,22.102160625384915,22.33314670901872,24.52152085453833,23.175873985263,23.669959017555698
CA,39,House,22.112954340591426,22.61876693100412,21.98664676174131,22.30561639463115,23.70545142492988,21.398434637671937,21.90881415759985,23.41373975520296,21.50192903789277,22.726102748138665
CA,40,House,-14.909815703130729,-15.35297010051039,-14.263291210969903,-14.490964953374416,-14.879297564220172,-14.751035526236118,-14.748790774648128,-14.293956060466554,-14.918620133592452,-14.506063891907097
CA,41,House,-7.983034877223205,-8.380711891803955,-7.55853915356151,-7.860867519376777,-7.9732814743172495,-8.016961522280061,-7.216168078323935,-7.981396111026769,-8.350734759736053,-7.677049160787065
CA,42,House,32.64836677016238,34.01027252547659,31.879465803882564,32.925716051095115,33.538270974766746,33.184788428351325,32.63442505328795,33.53578043034852,33.31143001377074,33.36570852440323
CA,43,House,53.21768094569212,54.00216317128619,52.664821535316406,53.38914226389068,54.26826006466571,53.03915194525656,53.81154476297109,53.97969697184234,53.42263492961597,53.58427865636386
CA,44,House,45.386657423088735,46.330089668479175,44.690182935807705,45.34812471626452,46.201552425693336,45.36749774378573,45.5410998518658,45.931515663225525,45.72836031193469,45.287250233287864
CA,45,House,-11.429608596911931,-11.902515231890115,-11.370284616933532,-11.228374994623303,-11.329993543760835,-11.597023161858832,-11.617059422041404,-11.438875131442078,-11.445668597830824,-11.382086931859142
CA,46,House,25.78397654086894,26.565298616961,25.98026760620856,25.92958833303729,26.55115292405979,25.492053517401168,25.72429798713265,26.87033381106848,26.186276730728835,26.694868592268058
CA,47,House,4.676473883978713,5.1506209814740735,5.7045023325822575,4.979915917065945,6.202942461824165,5.748006005028283,5.327828113364983,5.699198327239239,6.120060666731224,6.944042874992502
CA,48,House,-22.889236800484,-22.78701678065048,-22.568682090345284,-23.118011285093843,-23.275567915428542,-22.77202058301029,-22.314041784450325,-22.64544043915958,-22.92432401971587,-22.868004788548376
CA,49,House,6.578222010140904,6.868901958403005,7.003671415164339,6.66295851420557,7.4173482606330845,6.56193992096159,7.1496723339259125,6.731581412071482,6.433738726972996,7.372380428676534
CA,50,House,28.44512923229133,29.042805033443592,28.542587725847653,28.567160813366144,29.52865223354779,28.29032868155818,28.905766876297783,29.78391659875976,28.83633255800884,29.110300223073033
CA,51,House,21.472184709846577,22.37032874462265,21.40619170777642,21.72251909147886,21.884139432361486,21.01638788513672,20.981358314802108,22.48076257692092,21.3094464499828,21.837503488889695
CA,52,House,32.13926734483899,32.979557095799244,32.1578024428649,32.16282086512078,33.39093896514268,32.18193036687028,32.29491378859062,33.24681753692012,32.45501942656048,32.922028099234936
CO,1,House,53.62401462923988,53.934553581387846,53.22557758758242,53.39943323723085,54.20373203359067,52.68564617080077,53.616194454033646,53.86001032954945,53.52311796204095,53.71906308708969
CO,2,House,37.07747680974546,38.04544006693223,37.23026444947048,37.16068718882685,38.19585178555714,37.49519380907466,37.52732149921597,37.757487792496434,37.833905559044666,38.0206424343567
CO,3,House,0.6779902763118704,0.8291857518334622,0.0737477680494034,1.392158899677932,0.903073017340831,0.2876163403451409,2.354891992777743,1.2322638527480403,-0.0293318904787165,1.2408914645307618
CO,4,House,-16.39955537397683,-16.499910849288135,-15.54820685689484,-15.662729628750508,-15.783656586877672,-15.905550502313378,-15.066360366424547,-15.158525339369715,-15.651833453145976,-15.127326571546469
CO,5,House,-17.71609481354146,-18.449489002397765,-17.54952373656314,-17.8377866318087,-18.25813055996771,-17.895857285439487,-18.06924918536533,-17.96029332255221,-18.023943073884475,-17.719931475692906
CO,6,House,27.422193882870893,28.21994247778693,27.783928148018184,27.661299869629616,28.57216407137422,27.47647378758211,27.81847185288811,29.002262925675776,28.132197729701826,28.171896005484385
CO,7,House,23.26735692686893,23.386092784190254,23.616940956731884,23.074487595203863,24.23091969728949,22.87653720389486,23.18238554427034,23.76159681674163,22.722861256308857,23.823154634799348
CO,8,House,6.030763193670277,5.360184173216113,6.031200557117423,6.277651600143205,6.885500169630305,5.793779547490471,6.549467692251335,6.092227919422277,5.669117603685411,6.970509049463576
CT,1,House,27.89495036678767,28.7044508968733,28.22953731654477,28.01802935413874,29.11511830053113,28.05524909373152,28.133552382759028,29.30525007664509,28.39324633612657,28.360321857132
CT,2,House,16.20452516105682,17.216234221775302,16.748813363713843,15.811276256671023,16.14628025562288,15.52306746279427,15.563177589979787,16.229501257593057,15.62182164762277,15.839380271365915
CT,3,House,24.514184014234075,24.91549774282285,25.040510927660783,24.5629307742774,25.841071440910525,24.28045133929073,24.4890983652433,25.5111551260854,25.40271873690372,25.932198735837837
CT,4,House,25.294915736614115,26.35474564981925,25.54945546011272,25.66553735425136,27.111089715857474,25.263141120878807,25.64849393278941,26.903558669796105,25.908584101548577,26.103553824535098
CT,5,House,5.601805212674666,4.602635564932935,4.7787710684866855,4.084680366808636,5.361489004667431,3.2904827405211026,4.584112562880007,4.304413351178708,3.553912893912842,4.775304671787685
DE,1,House,25.919404143270008,26.43416969991857,25.906447994942788,25.71539790111313,27.181790462712584,25.85533949454073,26.136319270446712,27.209944695790888,26.160276856303675,26.33392865618991
FL,1,House,-28.6828837772,-29.260442250140187,-28.61103535667984,-28.75710455015716,-29.47160183339453,-28.930628422722343,-28.28785984188746,-29.304973307661747,-28.897176699473007,-29.0147085461478
FL,2,House,-28.22084394101646,-28.17280737402045,-27.799800466669907,-28.75068346317536,-28.730126491521315,-28.348850048661475,-27.93580673737414,-28.23800131416887,-28.363475088739527,-28.127880749372984
FL,3,House,-30.105243390344583,-30.021315254915866,-29.689283932768312,-30.351788377868903,-30.497901340883168,-30.198848531454523,-29.43889687663629,-30.128238196859137,-30.048392106594257,-29.583516263027622
FL,4,House,-28.361320274955645,-28.538433905165785,-28.10015273944186,-28.95992530984818,-28.82010011059705,-28.33626769752407,-27.86669577254377,-28.413616815940948,-28.42350401330905,-28.215893059560706
FL,5,House,-25.181283023122603,-25.091460165026525,-24.81656468684308,-25.446875922788323,-25.42946763551392,-25.13373516330522,-24.83339590793591,-25.17267219841665,-25.46360063169797,-25.334154849821317
FL,6,House,-33.68560672106791,-34.22241903625367,-33.43347019834654,-33.90328607245284,-34.45007413245282,-34.28746306623928,-33.42379232995515,-33.815135238954966,-33.8315093112096,-33.54810303791424
FL,7,House,-22.915251501538968,-22.605103782246506,-22.28585696358417,-23.03054095338442,-22.94685145900734,-22.809084837233712,-22.30112411942657,-22.74854880517613,-22.929961340883768,-22.581314102742624
FL,8,House,-30.71436193471611,-31.2674941692322,-30.395374306450204,-30.924704779551945,-31.12176714914701,-31.06041649296257,-30.400993320898014,-31.02923052508037,-30.75073399160934,-30.472696097540762
FL,9,House,3.765848788940291,4.092573152235573,3.785856261617889,3.352467304067201,3.467661353694691,3.853843248959536,2.897805013131668,3.0446873411082125,4.266664671708073,3.901890566907043
FL,10,House,28.30949037183684,29.078913264875524,28.09155202995438,27.942486821095272,29.687750035479667,27.671985106789386,28.577210288943924,29.106803022852866,28.268114235067863,28.421140739184423
FL,11,House,-27.663315092022675,-27.675175237574905,-27.324514021862484,-27.57759135411168,-27.831349280551084,-27.63359289984984,-27.25708182983841,-27.696211478166664,-27.50836397416401,-27.169973186784716
FL,12,House,-39.18706673052577,-39.86450218421947,-39.1769860204752,-39.38239915043209,-40.20210298370864,-39.53343513775492,-39.02127722924192,-39.73477769164113,-39.18180789397893,-39.22999113774701
FL,13,House,-15.822110670637924,-16.48234035828009,-15.53504341991301,-15.990711170550805,-16.086608448070926,-16.167857068238725,-15.841106784300976,-15.726915569955649,-16.315968507133064,-15.78060719220754
FL,14,House,22.227032448413706,22.68646657918617,22.246450996522206,22.433217890284112,23.44709726229175,22.03094467116619,22.3345827778828,23.23442004266248,22.156056665274384,23.12991157864004
FL,15,House,-24.49551162467508,-24.05163034719154,-24.254012561819728,-24.79298439624101,-24.62900930551747,-24.1604620372924,-24.2042129669062,-24.392408566804896,-24.37731747368744,-24.182023328714127
FL,16,House,-27.55455109614325,-27.571089641771213,-27.16075355158356,-27.82146120450353,-28.141312405954583,-27.65060361364048,-27.028471850371,-27.69925069420401,-27.55085765420772,-27.357845320747558
FL,17,House,-30.735092798594792,-31.32557207141219,-30.39204006660973,-31.05452396796804,-31.476128928189283,-31.023995997788205,-30.5317990901294,-31.2078185650227,-30.91579540245625,-30.686613587901956
FL,18,House,-31.595255052722848,-31.947293197662702,-31.107176395563577,-31.895504014063025,-32.34138155982865,-31.97896039483226,-31.39404970769649,-31.757827884857026,-31.90678661075411,-31.35514377850688
FL,19,House,-32.638856832639604,-33.23373951397152,-32.63868820313674,-32.91050642633003,-33.49474155040489,-33.03441039877748,-32.49940177305791,-33.24511948781721,-32.91554572360872,-32.69439554703819
FL,21,House,-27.722830459982653,-27.97495577767509,-27.34102689937487,-27.83375395078304,-28.09751356611952,-27.73361865516965,-27.272283071366594,-27.607294858056044,-27.61981475136691,-27.47211601296418
FL,22,House,10.440015548857737,11.294787391666553,11.047305714244215,10.407892897136811,11.037783562494782,9.97582067171462,10.425994811975816,11.490798239061176,10.513639316132402,10.980131340230708
FL,23,House,7.399692386744542,8.2652712529651,7.687761441759362,7.589382803241747,7.838178187569502,7.447218888290569,8.15356713562126,8.275221997218276,8.014965678638628,7.9921901319078845
FL,24,House,42.79289150517755,43.86003265518035,42.41186421707664,42.42612179125594,43.22223973432993,43.2188717809687,42.26006762389305,43.33217365414953,42.79074193223548,43.28045135164922
FL,25,House,19.60356459880179,19.628976343095623,19.1365716843855,19.033732030834813,20.178717606601264,18.548970296781604,19.63218425858662,19.92870963501032,18.846529714538065,19.574421643337978
FL,26,House,-38.73710211690834,-39.556866283824505,-38.51415505119939,-38.990318918511086,-40.20235869175232,-39.3578942099261,-38.45579072598689,-39.57348989750085,-39.02337453201806,-38.99175242030326
FL,27,House,-17.982375874229287,-18.62435619215134,-17.204038694801838,-18.214354767259685,-18.65876493532969,-18.36539834280221,-18.082772548829613,-17.914298547874708,-18.766569802218108,-17.774264454421374
FL,28,House,-19.502012823425844,-19.043588460813965,-18.5309158667856,-19.48653092740752,-19.50905650166161,-19.56608275773845,-18.942626263445064,-19.53024901084993,-19.72081667758816,-18.48775066643485
GA,1,House,-28.757520783707065,-28.308717231003705,-28.66719517658327,-29.53347459541284,-29.295674781765943,-28.7619828978996,-28.91374898616091,-29.122532263912348,-28.693471569066794,-28.879339286832312
GA,2,House,21.35711368922537,21.36442422502165,21.17886369254369,21.020586828900264,21.65863732409658,20.200249021465343,21.14569315359282,22.66437320544756,20.464776734406037,21.74723306336309
GA,3,House,-33.851779778268806,-34.608084729357955,-33.65431728748122,-34.02828251250513,-34.34868267865987,-33.54229739695485,-32.58543022242164,-33.270104101771665,-32.82275695342224,-32.8362137349981
GA,4,House,57.431935417482194,58.08361974094947,57.06747306520116,52.99918002462347,53.81091504067419,52.25897237690369,52.56835700743993,53.950859079342,53.62900638413728,53.72157487670895
GA,5,House,65.85165923566507,66.54338068943231,64.90767898418156,65.82452983246819,67.01241452604575,64.40494420613248,65.63391373631124,65.88706155741079,65.51951472517615,66.23553220925555
GA,6,House,40.531626773969926,41.61028099862371,40.106262421462105,40.42210685636661,41.12739671932368,40.11125878305117,41.0527607292039,41.2511097526855,40.76110601923111,41.01395038465347
GA,7,House,-30.52622900038543,-30.66076401535434,-30.39317308641707,-31.33522815395881,-31.762218190029856,-30.86282615291268,-30.71454864144748,-31.17427773290357,-30.86101115592316,-31.05162571338471
GA,8,House,-36.10625462483737,-36.547775919932974,-36.13136239582282,-36.342581583844016,-37.3294300782167,-36.28083902791058,-35.76583212799652,-36.68777909158172,-36.34902567197385,-36.06278299352078
GA,9,House,-35.05840884760039,-36.03268444362347,-35.22329341228125,-35.48602332270308,-37.17930216603463,-36.38443772900024,-35.82161007848174,-36.9588133130255,-36.168335269743096,-36.02486497805742
GA,10,House,-31.896391231385497,-31.24197149973321,-31.14730764557673,-31.68894511483169,-32.09250927200208,-31.15818134379321,-31.15078071913829,-31.53748893468649,-31.416120688621103,-31.20357024839259
GA,11,House,-33.87669892120914,-34.58733162819439,-34.06634378307268,-34.09083260701925,-34.63856311711555,-34.53372987936972,-33.306166676109825,-34.64457415206368,-33.84447117648147,-33.5426488600168
GA,12,House,-29.947930145488115,-29.434328270433653,-29.734965516964007,-30.246955904374893,-30.502910265505548,-30.16869008436361,-30.08600671826097,-30.147345808306152,-29.832659135936886,-30.09676371328379
GA,13,House,39.49849135193338,40.577486341599965,39.233071736897344,39.27526902900606,39.945250498265,39.408045825676254,39.4889914008756,39.96726193147268,39.6509511089188,40.02905531838178
GA,14,House,-28.08360547953341,-28.78063301606419,-27.920853446121093,-28.09763668801239,-29.11615444923219,-28.280177925977785,-27.590834615604667,-28.580952489961568,-28.020858218424365,-27.971035629855194
HI,1,House,41.72267180797209,42.7371998573288,41.84469591166175,41.51379728850898,42.50913004340316,42.01742140386699,41.715178260002645,42.56824842483899,42.14964449403321,42.33990920081786
ID,1,House,-37.328995080485655,-37.74630423150081,-36.54004142343216,-37.54247607351694,-37.17866686922723,-36.55237156097953,-36.0631759565812,-36.82145049498818,-36.52421082369421,-36.425184758219814
ID,2,House,-29.15261313363416,-29.645950575139302,-29.03862219387784,-29.46188746027469,-29.862625892174705,-29.34792242976005,-29.192883018397097,-29.431586886222945,-29.581092898505524,-29.07066826627154
IL,1,House,31.55688843609483,33.149974974716585,31.75158959594465,31.336563195995552,32.79912757113985,32.286445058243515,32.27651002446726,33.25746240412401,32.29371860466061,32.803050996823956
IL,2,House,35.62944814030102,36.71466712816986,35.95401203355723,35.37700777136156,36.2265415097213,36.1163657657058,36.42202122089584,36.6127629849385,36.26444402598593,36.17474167195459
IL,3,House,36.88544246636399,38.13416101098489,37.26749286939584,37.06633573835085,37.30269406893959,37.39053670428265,37.63868554862646,37.74121621196893,37.50641277295925,37.428599817656156
IL,5,House,36.11942980098267,37.204697359383545,36.40373693624446,36.40163231673935,37.37515306614938,37.02056896904236,36.66947671362411,37.04755998529441,36.86876363331682,36.726693498668624
IL,6,House,17.272384365681276,17.685037530477807,17.496760279239332,18.02074635019248,17.80869246437128,17.245012326345766,18.462978036663586,18.190562452102377,17.35889606701687,17.676758353889248
IL,7,House,59.41334682199606,60.36150434307841,59.24366000491138,59.31472311240921,60.74045690026401,59.02925525044341,59.7819196347581,59.985565969482174,59.51616261236581,60.00832756089441
IL,8,House,21.42043321933271,21.62872878589323,21.494796122634632,21.22838053346686,22.85987063812039,21.164201317095085,21.22811160426387,22.01762710275377,21.36396152602763,22.239774634360657
IL,10,House,23.585257146941576,24.95779542701649,23.95362694766466,23.724957544658423,25.046866198317392,24.13381435881256,24.475959771960014,24.86130344221512,24.27600699432594,24.906606575112455
IL,11,House,17.85987349477026,18.41817961374233,18.210819948107293,18.16247142614369,18.72608190623871,17.565966689375834,17.99923200571167,18.501268178517847,18.097965560016466,18.93128194735338
IL,12,House,-41.952907536779264,-42.33065732731407,-41.07628909218215,-42.107068484292455,-42.64179552088473,-41.84003558647926,-41.420175806960174,-42.52504046063461,-41.46199427006748,-41.87270340152489
IL,13,House,22.613281958735804,22.97790297424147,23.127529256745632,22.54927986451114,24.00520146429654,22.526184211332417,22.79222004605011,23.740303748620374,22.12048812555072,23.57221263635926
IL,14,House,17.48019500771486,17.241813683722995,17.105714372653132,16.955443664690804,16.99685590533791,16.762578139276414,17.762622177160235,17.8550759576271,16.823748992875466,17.642151645709262
IL,17,House,13.250574550458095,13.003003577790858,12.868565763796587,12.682690331940496,13.270645717685696,12.7675403538874,13.963160498372954,13.02040209478738,13.00774086465508,13.587382672080825
IN,1,House,12.05547894238934,11.703061503046094,11.924418597246158,11.497886990937792,12.182718687562607,11.630432708942838,13.063935561854146,12.10931008888463,11.758296549055808,12.760029342565637
IN,2,House,-33.44927330269188,-33.9686864165679,-33.1420539856201,-33.6539435918665,-34.23484145145977,-33.75251942350791,-33.32208432486627,-33.85084259484899,-33.499473943016284,-32.764583487066375
IN,3,House,-27.93073003248452,-28.277419762294244,-27.9143602595508,-27.84077277798303,-28.53242227249137,-28.20216059115956,-27.60342131734221,-28.265510187704905,-27.72408846481633,-27.84503760897612
IN,4,House,-32.19898277595048,-32.55096305908897,-32.00695848637053,-32.15212366406215,-32.508667755989634,-32.5150758470364,-31.854315036592062,-32.52673486406084,-32.1862018313458,-31.99199017162831
IN,5,House,-26.312798476245256,-26.37470852547812,-25.99609356701853,-26.6396474126607,-26.57475359688056,-26.24863630197808,-25.876128610368824,-26.28369293953752,-26.2110142452662,-26.229136979707867
IN,6,House,-33.67857743847547,-34.08354694766821,-33.336928560926026,-33.625497591407125,-34.17637848202837,-33.84616593342524,-33.06481443206864,-33.93532668835161,-33.488098762746866,-33.695554078187996
IN,7,House,28.28452348513349,29.720815318813457,28.65918216385302,28.52559558248835,29.415557794282577,28.94190600686828,28.59360413430037,29.15633961554633,28.963468529758597,28.74340538569462
IN,8,House,-36.070667910833976,-36.2898935576229,-35.47534473098692,-35.834843260799175,-36.30024859813467,-35.9993335836483,-35.41093406841247,-35.985887379691746,-35.727502881665174,-35.60927451142274
IN,9,House,-26.977628320534976,-27.415036081063995,-27.13869899845113,-27.433819910095924,-27.756765317380783,-27.38831270690308,-27.039909325520785,-27.344874922404298,-26.7946546444737,-27.126806590116207
IA,1,House,-11.363210582035322,-11.32557637185571,-11.04081874924119,-11.767485814860692,-11.600419505291208,-11.717898327862098,-10.509743307219946,-11.251086284908984,-11.981407079331184,-11.069204034248433
IA,2,House,-23.20367735254148,-23.357365180245715,-23.111304020538142,-23.33822738153549,-23.64903360180537,-23.36202079193069,-23.36316617002684,-23.236204393551475,-23.739347559434904,-23.106777475977225
IA,3,House,-10.054441238280551,-10.826119197041836,-9.915129014362286,-10.166821014716223,-10.035709308041527,-10.808412718578165,-9.534023260276973,-10.1403975891554,-10.401256860718211,-9.821764257980053
IA,4,House,-32.29059495570952,-32.976432586588004,-32.48807253880296,-32.74519137776048,-33.249334399816064,-32.79966982034627,-32.088746323747166,-32.85085277400549,-32.67281797350828,-32.490875478157115
KS,1,House,-33.970485304279975,-34.589659340172304,-33.966391447335056,-34.38316280570132,-34.898615145284325,-34.4425870164392,-33.95895004472851,-34.64309728399768,-34.29268935905961,-33.959812079368064
KS,2,House,-25.95164559699635,-26.10459185364779,-25.71980906934416,-26.051864182172544,-26.25408578663443,-25.65957536900081,-25.916790442840504,-25.86284608489908,-26.44547045874696,-25.654728615250598
KS,3,House,13.285914416395473,13.077029088981154,13.24925831005349,13.033076698797377,13.834171005232594,12.86879548546512,14.031773354784995,13.498468682017034,13.67701535860682,14.166315350354127
KS,4,House,-27.703770717967444,-27.87852021706106,-27.4185328538166,-27.718255614433183,-27.92093292273885,-27.747676684925832,-27.380486124662763,-27.873517725229163,-27.72444811772908,-27.45619109127616
KY,1,House,-44.64696070373972,-45.31272760479628,-44.38008925415467,-44.29095481838972,-44.92075674222569,-44.19262959381832,-44.10606792218625,-45.00702749133035,-44.19876166561328,-44.365566593148245
KY,2,House,-40.88213421587125,-41.32118136280555,-40.699752872690674,-40.92830293027828,-41.40222387067956,-40.91802396962928,-40.56767123899152,-41.27246087882682,-40.55602353783307,-40.75976721556613
KY,3,House,29.644968708649664,30.236057801746803,29.7385617946279,29.45387426055516,30.59070832336488,29.780377942935832,29.80951875615433,30.50901336594467,30.021614824913517,30.0942849958748
KY,6,House,-31.15004074090017,-31.558038462739187,-30.869796172821,-31.63161604754523,-31.88330990368415,-31.703631036809025,-31.14977311504213,-31.76612447741835,-31.31045759454041,-30.940945248725175
ME,1,House,24.063378761855333,25.23725792580821,24.412661684004185,24.39270090531164,24.943455713224587,24.7266209841524,24.50442863514616,25.441415585371352,24.699031060033096,25.313350354619967
ME,2,House,8.459855658580121,8.20632572670317,8.731992930385832,7.874766705171697,8.183222104251726,8.60430838979643,9.351957890675454,8.014793623314306,7.985547886973613,9.305255582338763
MD,1,House,-24.33746882994916,-24.563079152197133,-24.041464316078148,-24.85872918149466,-24.883075657574985,-24.5285562368516,-24.1568715528017,-24.31978752283096,-24.82990263775609,-24.460552533433404
MD,2,House,25.204340150737224,26.351082091572145,25.56708311583368,25.242446057917576,26.64179475759048,25.15074007158298,25.667938276073137,26.422547751087,25.44449422063264,25.829170564346576
MD,3,House,28.93001087381912,30.00574797044801,28.8487273800088,29.00076344890537,30.471723622287094,29.36624424711304,29.474503799247,30.30034377826447,29.760220237395203,29.86057866707872
MD,4,House,68.57753759874254,69.08073416953764,68.22323165573945,68.1587406273831,69.24154585249005,68.15582187163534,68.55823837570794,68.93566033814633,68.55980194395627,69.04689069840376
MD,5,House,31.06315505399882,32.169925147112515,30.62066062968097,30.91043031648616,32.46109504313898,31.821745115971027,31.431289197720005,32.19242419005699,31.611295941689495,32.046017613967294
MD,6,House,15.075201246777931,14.69960032453038,15.189768014624576,14.552076624825714,14.994949262481663,14.587833041326348,15.125866460593588,14.526903940557286,14.615266348580803,15.361426208719358
MD,7,House,60.183287641393946,60.89518540785235,60.08340286568419,60.03553020401526,61.02787972952842,59.984680424891806,60.56057132885613,60.78109083402781,60.34773608791919,60.80746490173828
MD,8,House,50.70312498188776,51.2749323491459,50.70083839344602,50.42028633555872,51.51013663999137,50.02418382322766,50.56638066371817,50.78994753924597,50.49981510460981,51.07078422182222
MA,1,House,28.371311349371155,29.04215153875066,28.529353188628185,28.2575766166862,29.874059211153032,28.57677928108045,28.6036973594314,29.79409835608278,29.008431953000358,28.9433193583177
MA,2,House,31.09251738940429,31.677153248016367,30.62436630375008,31.172573690365844,32.74704062971968,31.55693162122507,31.85223200207685,32.33933981881738,31.89298951120275,31.88273658306143
MA,3,House,30.639393596399728,31.32308245622541,30.54573481766397,30.76051081217996,31.820035669300083,30.941718567938967,31.20490894042216,31.88442251784602,31.20575754796352,31.029259159362642
MI,1,House,-22.275714359567097,-22.655210927181173,-21.975509022117485,-22.63151861488601,-22.39905898827486,-22.38304186410025,-22.172457043589134,-22.306894776372047,-22.439906923122525,-22.039785308677978
MI,2,House,-32.51559352567969,-33.026027680672186,-32.35769560652709,-33.0635635803725,-33.501918860576815,-33.09244068889636,-32.26719161700237,-32.7605654366372,-32.73581418776034,-32.40745263157349
MI,3,House,14.657779216965269,14.38492937174047,14.275315193580036,13.950240272021528,15.194435168941045,14.212858643668705,15.282350370564163,14.749025199109512,14.703315041755824,15.55063959608993
MI,4,House,-17.623027701997422,-17.91612963036497,-17.117014812535515,-17.86766157718055,-17.985475286364064,-17.88512071604431,-17.620436153067622,-17.467407614795768,-18.240876086462848,-17.501635070247538
MI,5,House,-31.354154596979328,-31.791214610743044,-30.95620686774869,-32.13507340002873,-32.09414095065941,-31.86565274529476,-31.18817679389856,-31.697297676033937,-31.68016886590185,-31.166261628549364
MI,6,House,32.48532058729299,33.15351344744843,32.11236013677022,32.62484926743758,33.95582879404796,32.93726214768573,33.2468488059569,33.74789900948874,33.129911561901615,33.20389596587921
MI,7,House,2.1273063823123586,0.9133963891257332,2.6890372559893736,2.0693130020858934,3.38961225594127,1.3250702895411473,2.704689695205696,2.2458048221521087,1.3641801329370753,3.0322277476124992
MI,8,House,2.843659199022121,2.0507478849103618,3.567718539057381,2.310006284804122,3.751548734431277,2.365900961950412,3.2069901014119,2.402329038276388,2.2141666109670286,3.035306738790564
MI,9,House,-31.675153481674464,-32.01039859967706,-31.09625164098967,-32.029646290869785,-32.385837380321675,-32.272466443824214,-31.117145200210445,-31.755122083066084,-31.77249412048326,-31.42094580516573
MI,10,House,-10.346135732236936,-10.90530543545259,-10.183011137347112,-10.219776131369258,-10.484989746148496,-10.950827988475648,-9.952581841566053,-10.304815964178657,-10.494822122691108,-10.256625645879094
MI,11,House,29.13644617925044,29.72956343141844,29.276984443223427,29.02836119157309,30.2838611727906,29.2679998997518,29.42518650027838,30.494149229975413,29.797548494056795,29.52189803140073
MI,12,House,40.50815403034837,41.65135818393462,41.16677521815524,40.3321784848718,41.390741364386656,40.979986686202736,40.93818147855684,41.09569216517934,41.16954538089185,41.223478591984204
MI,13,House,44.22975425346034,44.91419384831959,44.26947273070378,43.8810917908465,45.13031538260827,44.26078980803167,44.30962891632847,44.69219173749781,44.38170884365449,44.423139044628385
MN,1,House,-23.963097816148142,-24.21262614323787,-23.707900070444563,-24.32927735207656,-24.53544049237199,-24.213131147508257,-23.881040696509345,-24.04303842015792,-24.398458759852076,-24.098695949964913
MN,2,House,10.955769468471209,10.957743887849132,11.345750801429542,10.55550949173691,11.15231202785382,10.790126807179067,11.728046379758648,10.55160811423261,10.555355879501253,11.840894010859403
MN,3,House,19.07016885820552,19.99648497583396,19.114020120817084,19.55273521722105,20.04541197254043,19.455099768114227,19.14822843855341,20.26293259419171,20.16570916094672,20.50774748355476
MN,4,House,34.19901138762397,35.17714140964382,34.10488969976417,34.43864401676642,35.32207527945546,34.852672232807414,34.87324637423805,35.25037643897292,35.06992938947099,35.335797426373574
MN,5,House,37.17787359908881,37.45523969118357,35.62664335112001,37.58243657571128,38.13904782789609,35.90639326139862,35.533079615418785,37.56440727483189,38.03472886756313,37.658166215652756
MN,6,House,-26.41638914326288,-26.503182459544664,-25.48005514339804,-26.52781474974142,-26.631886111329496,-26.435570953795214,-25.868562084186543,-26.491802354216404,-26.29829759251933,-26.00526429039516
MN,7,House,-35.95292887655382,-36.12279722873692,-34.943102432937295,-35.61313172694432,-36.27898564148897,-35.94734791020471,-34.82845434379615,-35.829109955803204,-35.73888415674713,-35.18270510651139
MN,8,House,-26.29007373232872,-26.475559243522355,-25.930376090271366,-26.833353102102503,-26.79053419517318,-26.2676453876739,-26.211798186474816,-26.70519906463502,-26.7489445196608,-26.485305550092015
MS,1,House,-41.92069048593271,-42.1452490687993,-41.70768418541022,-42.0449054503984,-42.67369464616869,-41.967696166437314,-41.450567166999534,-42.5080321769521,-41.88649554185229,-41.933733200411154
MS,2,House,26.09753865413686,27.10753157869782,27.260711079198817,26.59566565289234,28.25350289392614,27.023267460951544,27.33879335999938,28.404602115879683,27.00814576663995,27.163478591644264
MS,4,House,-44.2217740712092,-44.584152406450656,-43.74482860749339,-44.5861318668531,-44.98489055842572,-44.19683011213333,-43.72374560549604,-45.0767862331395,-44.20820656191832,-44.41093201399892
MO,1,House,44.554511666445805,45.369867266071935,44.70724186271635,44.3484251169945,45.24800362613361,44.33472513605263,44.74480282008109,45.118920374717575,44.88845792336366,44.843954245923335
MO,2,House,-23.71130447846228,-23.746139170760493,-23.525580799297536,-23.94156144418637,-23.95120660141506,-23.51610962971294,-23.46070054977151,-23.493623713152,-23.918702229729437,-23.610702081062634
MO,3,House,-31.54263465058676,-32.131961294962736,-31.404262791281194,-32.07247599781279,-32.07181222441604,-31.920641063571992,-31.202204773870687,-31.96896650865432,-31.731652576535406,-31.588173983079827
MO,4,House,-39.928869160895616,-40.41829394558711,-39.75112628142762,-40.059952339058015,-40.72728090394126,-40.126391632856176,-39.624693340586965,-40.34552191855778,-39.71808168833895,-39.791478444055
MO,5,House,28.87481442042229,29.768607333066857,28.999027772174564,28.90230745069335,29.866256532988608,29.00724728880833,29.44968171784616,30.085944729026096,29.39059357394298,29.575474376165246
MO,6,House,-38.14256476042111,-38.73881280579784,-38.02770200974977,-38.37566742906644,-38.92941529984975,-38.39452448017522,-37.92000078503055,-38.744182298566855,-38.05640896531959,-37.87218974716633
MO,7,House,-38.54383901160626,-39.08013656842196,-38.4300012409261,-38.85914160205992,-39.30362282743684,-38.85354585255898,-38.32295342706058,-39.28810835609089,-38.54819865215645,-38.327166261668765
MO,8,House,-43.47993301002262,-43.75550477295671,-42.78353094092365,-43.51898332343416,-44.25070431822597,-43.18902001568945,-43.201101092212575,-44.07888169914138,-43.20619626597679,-43.35187260171446
MT,1,House,-12.514217634150404,-12.666153055407058,-12.296354146143589,-12.3323105723115,-12.789874750656164,-12.782321659863918,-12.17632822168941,-12.33060031223726,-12.671537027814184,-12.256755794892157
MT,2,House,-30.944100650650203,-31.2997043441764,-30.813902117429805,-31.30600624557468,-31.58287348641301,-31.23087852658795,-30.971976832092803,-31.1639797512326,-31.24660944966233,-30.851303294696507
NE,1,House,-24.76474763806929,-24.662597737058444,-24.354307090522305,-24.96996779076904,-24.860533517552923,-24.75954277805836,-24.42017302906386,-25.086721688552508,-25.203370309410086,-24.65710369384667
NE,2,House,-1.57317322922859,-2.3239294864422213,-0.8264490897094653,-1.8560263971063136,-1.024537948951126,-2.01139134449827,-0.4129019017088089,-1.3579842730892162,-1.884006539834561,-1.196811026962561
NE,3,House,-52.778440272603625,-52.864058307679095,-51.38469893135283,-52.46945249595774,-53.32280447100454,-51.98864186689482,-51.95610258468923,-53.60146384283834,-52.60028268731125,-52.69062868182317
NV,1,House,4.600214280085323,5.015374526310261,6.0199501371696265,4.917605179332373,5.729629477365906,5.316032486242198,5.640136155193746,4.87292613547651,5.147796275394571,6.607493326641617
NV,3,House,13.740893339783518,13.468811907061005,14.027517049972,12.914171092764978,13.853114485109511,13.189331357852232,13.715256661177872,13.66472090488817,13.08534729671442,14.205957750232756
NV,4,House,13.053795306288542,13.153510835754092,13.556127473633946,12.463402347696576,13.518404726087262,12.768839101389524,13.393692887205798,12.715339473538036,12.616315012706592,13.745938864996475
NH,1,House,12.960606056126512,13.055981910583558,12.93651430107888,12.136073950923503,13.575168451118444,12.73459692625852,13.718243934329983,12.3769925518806,12.282784119113206,14.29121930690355
NH,2,House,14.806533579181837,15.515314456965504,14.680019799660649,14.602671109432396,15.808514415479005,14.739301347317577,16.625012017890622,15.424509434788018,15.263027432048672,16.68509736446866
NJ,1,House,27.991519757309185,28.774310550714155,27.714142410831684,27.68966308114303,29.25178994620439,28.33250580760754,28.41846992426599,29.35291345053568,28.4174306427336,28.88056164258413
NJ,2,House,-19.00013354904309,-18.86660214021485,-18.29712610661805,-18.730154475800937,-19.1720292270194,-18.896551882320693,-18.73946780315144,-18.81881180132072,-19.02300189926037,-18.728444971499677
NJ,3,House,16.86122526566286,16.484237830827542,16.309349896413753,15.994124273264156,17.52553059764928,16.448473051488964,17.20135407721701,17.244366832550988,16.778645872520563,17.645996349297874
NJ,4,House,-33.52068111287029,-34.37618085304685,-33.32366519181235,-33.74918200754874,-34.65216168103791,-33.86792583797075,-33.0961347254534,-34.20927260875946,-33.79922393812535,-33.74005492785534
NJ,5,House,19.810964454689582,19.79805728924625,19.718831436490767,19.719432208885564,20.069860316628382,19.01138768894822,20.00541613770725,20.54532919930485,19.392901932417203,19.998993711082836
NJ,6,House,25.348029267572176,26.15028931588953,25.61733598023731,25.62631889660368,27.12860072513773,25.2480960177714,25.602795991544017,26.76255625343562,25.558884493244538,25.885931326993052
NJ,7,House,-11.037825233553969,-11.380831816498244,-10.6271750566634,-11.09126994259077,-11.120577800973876,-10.825768635376438,-10.474524913229065,-11.347304345294544,-11.031551877786928,-10.741703670998689
NJ,8,House,49.26443614912057,49.85347636399344,48.97173170123544,49.332138112027685,49.714319644370605,49.18189720065318,49.36197779474379,49.586878682344405,49.5218304444064,49.734169848171675
NJ,9,House,22.52580225370667,23.111701504161964,22.74506508150024,22.591860296977856,23.708934600007563,22.136744194537343,22.526252712479977,23.80052853321225,21.54627988183077,22.478589085843687
NJ,10,House,55.85672659301261,56.613704459067975,55.51849099142382,55.68422306341936,57.12194034213046,55.63047779313016,56.16040753466546,56.82754872454636,56.23430490959833,56.50530082169468
NJ,11,House,24.38888611400961,25.15752495206485,24.849021365733154,24.268339197533148,25.69769114519677,24.64115501655484,24.84225002538588,25.616626086336304,25.26234190718089,25.05512448354146
NJ,12,House,29.06604401099601,29.82560237035226,28.58398411427965,28.93768342772799,30.369019209526844,29.095809950929585,29.321368167052743,30.175228757848306,28.991039763064727,29.676429184823203
NM,1,House,19.94202721042736,20.55903880494553,20.295906737085403,20.35121342277609,21.15283686784465,19.813702134874795,20.45546302116722,21.0353740974694,20.052907512542983,20.966748839249675
NM,2,House,2.4161395220263087,0.982106648643458,2.6426637222732587,1.9558074353191448,3.088649414841523,1.597549520648769,2.799335844807263,2.485961786149129,1.865847934383757,3.065542442351684
NM,3,House,24.10842637105653,24.392695674753423,25.31242353118228,25.02354462836026,26.21897882878224,24.59700337264887,24.89937345152111,25.969981116658243,24.69063609214128,25.302585761569418
NY,1,House,-15.802943684870442,-15.960104897640642,-15.713802747413656,-16.370020883257556,-15.996294533433426,-16.198475253561412,-15.454503827105732,-15.64864621021976,-16.32925828566173,-14.827045871716734
NY,2,House,-19.696889897604954,-20.03278734830217,-19.39487363039144,-19.6309864561386,-20.206202383955684,-19.841819827985503,-19.44043478461074,-19.75043728174065,-20.139524948905013,-19.11992484900795
NY,3,House,5.012493198761639,3.243687271458152,6.534925777772028,5.129845647084012,6.93971402348588,3.716113499783148,5.675119627276159,4.2962858643465935,3.559791458179645,5.598635609877585
NY,4,House,-3.174218356588668,-4.074366897465225,-2.73806073353852,-3.5143291770763985,-2.611891524124505,-4.387449108878872,-2.43211624647589,-3.1471715210579685,-3.668615278701679,-2.92261516003515
NY,5,House,50.931455292838805,52.10256589891335,50.626317513024304,50.72647421946179,51.92194236849455,50.11406455200602,51.18408326257972,51.5129106596137,50.83984791551748,51.363520865694646
NY,6,House,30.99864801701481,31.892955286151583,30.592633654766978,31.07497031571953,32.0488028523222,30.78631709549907,31.257422429600773,32.07627860834033,30.958974887270077,31.475697688442494
NY,7,House,61.84106929103889,62.70529753720821,60.949022373056565,61.91171472670539,63.28940137807509,61.078241124061904,61.66023711764001,62.764224684329605,62.07187346684367,62.58423302143585
NY,8,House,46.52369917262297,47.63179804485098,45.50578982678901,46.31072896881373,47.35845248196017,45.97159601663888,46.86477336878734,46.73508481743686,46.71773609661976,46.60243109831268
NY,9,House,50.50969108157876,51.61182413639263,49.84039893414642,50.49889718543075,51.58924293276499,49.877408687003495,50.8987870929619,51.13118463728591,50.64900660445262,51.01109343469989
NY,11,House,-28.11972245460004,-27.90664099105792,-27.76982379482017,-28.536640523298733,-28.67004729889043,-28.49288607660669,-28.16416646146172,-28.54944536666164,-28.235583538413078,-28.027941747328786
NY,14,House,41.47506581819775,43.0741216851993,41.03582926874881,41.46630595550319,42.10968489200792,41.83663633963026,41.40789292998054,42.08002971796492,41.29864477513924,41.82904464767037
NY,16,House,30.7506737881628,31.636381405976174,30.40511153759004,30.47122505106382,31.851383257026026,29.98813718530912,30.873297534363857,31.619324082296373,30.401733021999377,31.102149278923008
NY,17,House,0.8065739821591535,-0.8006155368763319,1.3398280378732563,0.0846794132428419,1.7312429883681433,-0.3615056527494749,1.1177332758861032,0.8233330157683502,-0.4578345198565724,1.1721187518234673
NY,18,House,10.95184672025214,8.775916596688752,9.93535501535373,10.8408676294489,12.218554064740571,9.74193709405917,10.92303912949237,11.069471558088294,9.598193878612152,12.076241835732164
NY,19,House,0.5134121482031866,-2.383375436619649,1.885945213061298,0.0344160822410144,1.6404128839842105,-0.8543910831146313,2.3401332563652177,0.4313782122740389,-1.3074384899039773,0.7477154237340174
NY,20,House,22.44905439772448,22.18639356526471,21.501591644397536,22.299710938468703,21.85856589446379,20.451503875809728,22.60378103157549,23.43148354992617,20.874219348635307,22.313726467112993
NY,21,House,-27.953839763472125,-27.977917497944148,-27.598913230373743,-28.486459159686326,-28.92560096505397,-27.98591493084866,-28.013538503834408,-28.41327131123529,-28.01700598139834,-27.942234396656296
NY,22,House,-1.7700886655437946,-2.5260327191716616,-0.967902237334522,-1.5204574157780752,-0.7573488049235562,-2.330336365426945,-0.6951915332176823,-1.6811844316284903,-2.006514463546337,-1.16192010195178
NY,23,House,-32.343507193132496,-32.78475715548562,-32.062479012935015,-33.31912999563371,-34.07828361294676,-32.99088649518826,-32.279520438907866,-33.015406443235335,-32.55782264989002,-32.33811992339126
NY,24,House,-34.27559126562738,-35.04697949190352,-34.22866061620053,-34.87244840290664,-35.519699417108,-34.8818981925691,-33.91184207937343,-34.965695787805814,-34.45168658455147,-34.281813378333055
NY,25,House,21.90274250909502,20.757792411212243,21.075842460247003,21.67241568330696,20.163453755942264,19.84655535772473,22.208461273413576,22.09234155900959,20.047401291308184,21.45271260157328
NY,26,House,28.04369946015468,28.90981819390766,28.92645714058349,28.66902478840514,29.84158441789372,28.633253165207872,29.093145415088507,30.00143938241459,28.749259225688668,29.524267256437906
NC,1,House,1.76988039530507,2.2454503441252296,3.769946338835669,2.344790382908087,4.473410515847381,0.8478895098771001,2.3157798206906364,1.9906060379967057,1.6268508555472423,4.110871034256637
NC,2,House,36.09588161229975,36.92411348763802,36.304189294367006,36.11080533602491,36.2357085770049,36.38800417547336,36.329918452466295,36.924743405021054,36.22126985947092,36.26712378936679
NC,4,House,47.84467783857127,48.76250358886639,46.647379903387176,47.51236827499059,48.4052058153512,47.09230833331479,47.86116969200027,48.03921672489079,47.9629683393172,47.91802599860335
NC,5,House,-24.69945995528961,-24.826652635430733,-24.1394545278469,-24.863655995441327,-25.1252944234782,-25.336695123184484,-25.130268868524706,-24.538973125392808,-25.34103038279175,-24.371602935073255
NC,7,House,-27.520053159849155,-27.538859242982067,-27.20575733466753,-27.97751430757297,-28.30800700355397,-27.54094651889995,-28.10466925712636,-28.04365655965464,-28.00977821888253,-27.800718615788682
NC,8,House,-28.807199295809543,-28.938591269188866,-28.75236189690825,-29.582379041948563,-29.79074455342249,-29.456580799128304,-29.21887816886243,-29.66243577196084,-29.118184907967688,-29.373399784229047
NC,9,House,-28.42859656675384,-28.26139410765861,-28.11138392045507,-29.163758269174348,-29.277978009673586,-28.682999021786443,-28.664796359295188,-29.197866830492465,-28.616282080699555,-28.655470591655796
NC,10,House,-27.545507637599613,-27.6337295232307,-27.04818824669785,-27.93629412867704,-28.25828830006084,-27.609500207369,-28.02907652518364,-27.988172363562235,-27.888446787159992,-27.848554997108693
NC,11,House,-22.46315092696248,-22.73406575093933,-22.43834646153594,-22.90219246173033,-23.576348028272182,-23.15601917221469,-22.71736647612098,-22.587715183222183,-23.323047330099065,-22.681564562851094
NC,12,House,47.39207878705507,48.22075339635352,46.53312213672739,47.18920448820994,48.05478339304836,47.07819472822848,47.55664361561665,47.48835643766366,47.419485552453054,47.519802910683154
NC,13,House,-17.046001259970737,-17.08518658178257,-17.059397816547175,-16.906072752665132,-17.75340964032595,-17.767537154410263,-16.538924177450376,-17.415672937117648,-17.745708697477944,-17.255541449060793
NC,14,House,-19.79151024689984,-19.484123253691195,-19.09837975522617,-19.626462487696813,-20.47697261706652,-20.291720617979657,-19.02229738523056,-19.835278576795044,-20.39038697344229,-19.50068334387319
ND,1,House,-29.0691789071358,-29.67132276040048,-28.599546403449736,-29.284688882951585,-29.43804543700012,-29.21563550671308,-28.57290780993587,-28.91865265411328,-28.920810535195617,-29.088389407144682
OH,1,House,16.069775875390235,15.998380350718822,15.905783149027576,15.423892428077991,16.14453833274144,15.607937768027517,16.466260280574275,16.133886347353652,15.640655202579303,16.171809742737608
OH,2,House,-39.53021463776348,-40.00423674739667,-39.30767713755333,-39.78762341612875,-40.31592818337614,-39.74530784850285,-39.53155207699036,-40.107912971415125,-39.55756696430898,-39.578378585422406
OH,3,House,40.42861838678965,41.18919583676645,40.12947301285049,40.42230557366037,40.66273298675996,40.28826529281122,40.690077539175576,40.83540762044218,40.53572449364064,40.85202557275093
OH,4,House,-28.143199217661014,-28.869717697185187,-27.79794217375436,-27.953601183698225,-28.772904404222245,-28.46495963120943,-27.78709609705406,-28.40203658114244,-28.47997130125406,-28.02390685395386
OH,5,House,-34.88661275399193,-35.50757621907995,-34.8162404316991,-35.2873520621947,-35.818124716833225,-35.51899449801988,-34.385912454207144,-35.42957260787236,-35.235303739818825,-35.00262352428936
OH,6,House,-31.83753602685321,-32.236100704549,-31.729539282193763,-32.525306114170945,-32.51819440005505,-32.25949416162998,-31.75340546974484,-32.27311509483882,-32.06802284675781,-31.946219209081466
OH,7,House,-23.22987535592905,-23.372275762985808,-22.8406391858074,-23.436073221405668,-23.62291960309569,-23.149965441401505,-22.936398689346323,-23.22036849351114,-23.63667528558837,-23.08203007076741
OH,8,House,-29.07256180704748,-29.281466892712444,-28.782948690113585,-28.9718004820656,-29.52683485853059,-29.28356474213585,-28.69502175138016,-29.30232481852876,-29.04038897505718,-28.933437872793068
OH,9,House,7.746985638124441,8.431957800539934,8.298863065013428,8.66259545429637,9.372170584303456,8.088869290963178,8.84101282462762,8.913798849975631,8.240323831674349,9.345336471890427
OH,10,House,-26.547597592247023,-26.62940350648472,-26.47127447605695,-26.97377290813665,-26.893405112462546,-26.719160921025587,-26.212454519554896,-26.565175691268795,-26.666303184660634,-26.320250058280305
OH,11,House,52.04908077043503,52.40040646069003,51.89435796718502,51.96496084555413,52.84874160193476,51.7713796126168,52.27589205054109,52.62808339266185,51.793725800617125,52.3001953509508
OH,12,House,-33.21079280881331,-33.76615795261704,-33.21623614532035,-33.36521992100019,-33.91279580334818,-33.551195347781444,-32.829147319273,-33.405606624021566,-33.30608488239688,-32.98416168672596
OH,13,House,11.79420652170082,12.261929681484126,11.927647626434377,11.843586642065564,12.062114660941011,11.788713521094788,12.771520225955197,12.304199203779229,11.882804518141356,12.75545126326534
OH,14,House,-30.134980701353832,-30.279038642432376,-29.82714410903324,-30.471779678365955,-30.57447375179673,-30.35553883647927,-29.981414220499783,-30.22581982904333,-30.30728850283102,-30.00528536976694
OH,15,House,-19.99000463341859,-20.1393754262486,-19.63230972526134,-20.24177798254765,-20.1053639570043,-19.94900321804549,-19.826296759783023,-19.708677398806365,-20.082192657006036,-20.0524435482878
OK,1,House,-25.698756941123573,-25.7777318209313,-25.444137583123343,-25.721890614894765,-25.81171402691933,-25.804873799728952,-25.35470558983208,-25.842200033940088,-25.9377472353944,-25.54162976900871
OK,2,House,-44.96535315371254,-45.41963980388745,-44.13202870754768,-44.96917893342805,-45.91977120346567,-45.10697080677833,-44.29736531506048,-45.71322314623744,-44.91471019113412,-44.948353503970495
OK,4,House,-31.622125179229947,-32.1027689567572,-31.17959922635405,-31.65897322050025,-32.4649116966055,-31.943738512613635,-31.23105315172227,-32.39276281732515,-31.5209304286809,-31.659671079326305
OK,5,House,-23.452934719531704,-23.340854147523885,-23.250960357141352,-23.59913953002549,-23.75344420844464,-23.417493059982085,-23.235884126988392,-23.52282549972019,-23.45582409868949,-23.41562316351753
OR,1,House,34.849942540474814,35.327869975153604,34.921142891195515,34.81361275437931,35.36051956190525,34.9757466498004,35.21507223296503,35.60667056764223,35.137636464570136,35.373743634814126
OR,2,House,-36.28285881412899,-37.0166268424085,-36.36743283826466,-36.65848680918251,-37.311019436349696,-37.02899910675344,-35.821129196974645,-36.85103905307676,-36.79209906606767,-36.42983341661245
OR,3,House,42.28666252500175,42.99810755904481,42.75660866233804,42.0697164852419,42.92946457221311,42.085285308132974,42.51731843257306,42.77713981329261,42.82295181498333,42.95668071254343
OR,4,House,13.774945122129044,13.424609505102822,14.060655689308945,13.12554586772798,13.79806625461309,13.1554470397457,13.974216122129242,13.315217696710194,13.117975100040518,14.127551643865562
OR,5,House,-5.623144760752648,-6.301833822922255,-5.215869116224368,-5.68839584652857,-4.885052685479133,-6.295290448416833,-4.749407019528002,-5.2885717345210015,-5.605741807301616,-5.457564724117878
OR,6,House,12.409043132578669,11.26597263559093,11.67691975499069,12.479198044821942,12.838179313622293,11.50048594265114,13.200750999276655,12.487786272615905,12.0465323104622,13.12809680740202
PA,1,House,-13.478185365407173,-13.83839340807214,-13.292346598732946,-13.581714800804583,-13.23532686360046,-13.530812371981376,-13.021628739537004,-13.173913822827654,-13.657990100040362,-13.188310311736767
PA,2,House,48.26710075996963,49.17446943141847,48.303973285187546,47.972371797675976,49.2907024025908,48.1876646387354,48.486108228899866,48.91392831169744,48.45492027515266,48.634857748046755
PA,4,House,26.50317303991158,27.556017560662248,26.862234349580227,26.79317973244065,28.06922126072206,27.05258265909564,26.866033146444533,28.185316624096927,27.235364034607105,27.19255486549993
PA,5,House,31.092924805094825,31.73708278576364,30.41155708995374,31.186179334466143,32.849037455246844,31.67312474274308,31.65743603618389,32.398213855151255,31.660016741914795,32.08649214474714
PA,6,House,25.212808077795373,25.55213035630011,25.52905159671361,25.434899288051028,26.67437168679755,24.981909615548457,25.35418967357576,26.59269423269516,25.20788477744381,25.74793523956901
PA,7,House,9.96331863473398,8.984494971445887,9.830175723100307,10.203690800414885,10.822520817479782,9.369386582229756,10.272133567642475,10.045275802521644,9.635993842620556,11.041005182568947
PA,8,House,6.529590876684492,5.577595114722935,6.659419805605699,6.2653635273156505,7.347848326482254,6.206772602265741,7.020775448750625,6.675418007260348,6.640633951566652,7.8836565674996555
PA,9,House,-36.15781493628914,-36.81285436744828,-35.9437136736575,-36.30535474827985,-37.17375799125334,-36.67338093325922,-35.564715710570255,-36.39052733788191,-36.48461678906568,-35.86019460635217
PA,10,House,-10.290077372132211,-10.72167031193176,-10.02850723951083,-10.333883386301302,-9.984997747451796,-10.2351179543513,-9.167081481471742,-8.889165313878857,-9.76188242145322,-9.173702309742858
PA,11,House,-28.52798793185069,-28.50154290974473,-28.018628000734942,-28.89747532201872,-28.6027438510159,-28.58846838839452,-28.216318045358644,-28.6103147784129,-28.666194620891574,-28.24135548916443
PA,12,House,22.189337159296468,22.50347692623985,22.535121201772427,22.16979820295796,23.78752700864989,22.12662949841043,22.461626206636083,23.568495300727395,22.10888959439481,23.2686848955095
PA,13,House,-40.60201118073224,-41.20542881915405,-39.56367169647325,-40.83866679558081,-41.45106057212784,-40.64815847224664,-40.26134555574557,-41.2519602192078,-40.452465962835845,-40.566973053533275
PA,14,House,-33.01974933216799,-33.95116322215437,-33.19594302689615,-33.4079992009479,-34.10034356797168,-33.74450373375012,-32.98863377468524,-33.64098342966528,-33.457430788723244,-33.23093131506417
PA,15,House,-36.64172685152986,-37.48600936222926,-36.49494674844897,-36.7969865480164,-37.617750047901936,-37.25056902594991,-36.30400501780122,-36.90386222093616,-36.59552638992656,-36.565489534884506
PA,16,House,-22.42607478768062,-22.873454957209287,-22.353768526793186,-22.70282134583656,-22.707036160226863,-22.59698527289392,-22.432039066087945,-22.28180860180104,-22.82501843157241,-22.117244856533
PA,17,House,10.91008932812658,10.723871149188742,11.065310519559992,10.366603669923792,10.74265208873602,10.658226066120845,11.480895412220672,10.391973652482278,10.497117156509766,11.454189271461228
RI,1,House,29.26728695256384,29.720712647921804,29.19177324374809,29.18187631648544,30.62324263129157,29.413949211511056,29.936142847650984,30.57641462170254,29.6968678678552,30.022599291943337
RI,2,House,16.411675521749302,15.851865632997304,16.48963563610765,16.377627045248822,15.640832347282164,15.65196432061838,16.70108431562736,16.71443047498793,15.549582654910694,16.59096960775331
SC,1,House,-17.477238077175205,-17.30326907802478,-17.211898488883943,-17.496126867140088,-17.541335346014016,-17.431238107453062,-17.1281980473448,-17.441113021134974,-17.487592340381408,-16.955372555060137
SC,2,House,-27.4523416143204,-27.582791262504955,-27.19851352995728,-28.16149657508368,-27.76364464859664,-27.561033763800246,-27.14823119668653,-27.430134211449925,-27.75869479022805,-27.567198267171445
SC,3,House,-39.178563903331934,-39.69877780098659,-39.02679648422951,-39.45901452862968,-40.26756206601385,-39.56975066931993,-39.03111328402708,-39.61555945055267,-39.48321889964444,-39.23434822780321
SC,4,House,-26.68838679538176,-26.67999487958276,-26.58156100706553,-27.03103380673605,-26.84160613361325,-26.77230665542691,-26.306969475014,-26.76571007352204,-26.93878269185268,-26.6028181142376
SC,5,House,-30.46311128727254,-30.963492305787803,-30.13377305760971,-30.791467443138966,-31.04618556377588,-30.82865383997481,-30.224825403158707,-30.79827076874541,-30.485279280231182,-30.30195166603706
SC,6,House,28.422809953526432,29.31991326237429,28.864710048010192,28.229386499536137,29.52154288235517,28.542981293751488,28.73849816650454,29.626246438735457,28.746196933405667,29.22730433887981
SC,7,House,-31.73660677399063,-32.13724501877408,-31.68583041585537,-31.951746978481857,-32.46470135388614,-32.052086173561804,-31.44163470339453,-32.135173463998086,-31.91568602625665,-31.61559546368515
SD,1,House,-31.245559851290984,-31.464255936409067,-31.00665211449517,-31.62976359219973,-31.744663101073925,-31.491040936160275,-31.08356225093632,-31.62736143899886,-31.416829816009862,-31.245200786150136
TN,1,House,-52.86414122912984,-53.022233621294056,-51.842816440277176,-52.61293953263079,-53.63045535865308,-52.23119119849476,-52.17578218408104,-53.73801781248888,-52.56182480281889,-52.79596788696877
TN,2,House,-34.72536380366569,-35.5939949069069,-34.534217780962145,-35.0088791862503,-35.53363051269734,-35.157426905924815,-34.43619130709202,-35.1793072777064,-34.929131245115286,-34.58917454365647
TN,3,House,-35.25311715548932,-35.88599005561008,-35.10298080062985,-35.61882012918348,-36.17932846170509,-35.64366555995861,-35.13386162543321,-35.714878701027914,-35.47551933376474,-34.94086653346465
TN,4,House,-42.64302583610518,-43.19744567842256,-42.33125088585954,-42.80341680547035,-43.46216327980591,-42.7925375354917,-42.43349904566635,-43.14187543501566,-42.55485158385135,-42.545013761202156
TN,5,House,-20.278219185969743,-20.914976406919493,-20.0051383904785,-20.25260534314253,-20.70420078377046,-20.279136187552705,-20.46199522805444,-20.48684632568181,-20.243201505290514,-19.987623305090374
TN,6,House,-33.04896891672861,-33.46928112902523,-32.75659886672776,-33.064666365832174,-33.811387140334844,-33.29627377419461,-32.83390779100181,-33.360691621861605,-33.14458692544498,-32.65627072892055
TN,7,House,-17.33155006974946,-17.3680791376742,-16.908597775753925,-16.958214011041235,-18.00926340403562,-17.402976418834015,-17.33059107257681,-17.40598780785092,-17.619651684989034,-17.58336615295424
TN,8,House,-44.99424655574653,-45.47551654371905,-44.63212428017016,-45.04493890403286,-45.6114769821671,-44.86183431415547,-44.681301067279136,-45.66009492594485,-44.78753724207708,-45.028787282329034
TN,9,House,42.4250915259144,43.16713273810909,42.47676121694008,41.86090324635502,42.4742422135437,42.49578595411789,41.6648966024878,43.17353221094923,42.401759645619705,42.865075047575175
TX,2,House,-29.773952503780315,-30.0655584237751,-29.14510637455989,-29.702190345878257,-30.20373715920045,-29.960199657893085,-29.33377822388063,-29.854439197555905,-29.47433732584865,-29.75502784592652
TX,3,House,-21.823722974238407,-21.86613221798001,-21.250384961030527,-21.478291564641463,-21.81307080954182,-21.948647245164445,-21.020823774579856,-21.680419103013666,-21.84768472719172,-21.739748264383472
TX,4,House,-33.048107855435134,-33.29080609410198,-32.53844201646929,-32.81449247776095,-33.13812246897844,-32.990122723872986,-32.24580322904973,-33.29229925226038,-32.8966110947578,-33.03743616864689
TX,5,House,-29.07448304912235,-29.29027109678883,-28.560436883181403,-28.99801400358852,-29.331114706686293,-28.99735184628731,-28.43971232939485,-29.30664276993128,-28.964406374822133,-29.003515294384556
TX,6,House,-25.43556090027796,-25.207286397309645,-24.77224361463244,-25.368541998188377,-25.522926128434467,-24.949129127629057,-24.85661407397,-25.144248678458737,-24.922762013009127,-25.112776311293526
TX,7,House,28.56166124559022,29.7675235696394,28.36616880445329,28.677776861479074,30.045802490960128,28.332444665024305,28.96332890123376,29.641178001468653,28.63818282121862,29.467695394495436
TX,8,House,-33.43991633597453,-33.93294473652404,-32.762284167447866,-33.42605807885865,-33.67052146815419,-33.819842846996764,-32.57990554633781,-33.75612107611163,-33.33588492507946,-33.45618892205073
TX,10,House,-27.615907673347955,-27.782995344287794,-27.01232925239157,-27.49975417902122,-27.976432511426943,-27.551706033982853,-27.16132965102748,-27.692115508131124,-27.368462709272407,-27.384807996142246
TX,12,House,-26.008705936435668,-25.779025871900576,-25.75664650627612,-26.28277375491021,-26.18967806350022,-25.79301039259609,-25.447065358289745,-25.852979689953123,-25.917699595628637,-25.839444997186565
TX,13,House,-44.23790974784583,-44.63802216396736,-43.760006428937615,-44.36045211681987,-45.00681677621476,-44.37028600392695,-44.092980895687184,-44.92707371854722,-44.32510715874475,-44.4796530775766
TX,14,House,-36.316206137110605,-36.77562483881508,-35.84152427383515,-36.41118037224837,-36.818092300640295,-36.38993695604484,-35.823897543456184,-37.02225260606974,-36.04631328751279,-36.1243120761648
TX,15,House,-15.389200424864692,-16.098618773453484,-14.845838406760969,-15.459818984624214,-15.818618739196872,-15.770872637435298,-15.362127745623518,-15.201890112216578,-15.75942415006528,-15.156035182534334
TX,16,House,30.067203555939688,30.527800642803413,29.496792692302613,29.797956062111385,31.14907821546581,29.7283360372641,30.169773040938423,30.68026908402542,29.98509279053968,30.31209291348242
TX,17,House,-32.5970929458335,-33.29155215293885,-32.023075185713466,-32.63821109108012,-33.544428229068764,-33.14761933378881,-32.39140301877343,-33.3241316680482,-32.57657879319771,-32.671325938993576
TX,18,House,46.48140088548976,47.33675395025252,45.96370624058272,46.35515102347864,47.22509214901919,46.36926309374036,46.5145088244963,46.771066954268335,46.65044151545767,46.562914116348644
TX,21,House,-28.17763815134144,-28.856060080365985,-27.99606822418937,-28.60641079032653,-28.73625446919888,-28.614771548403333,-28.325726202539887,-28.54536580046349,-28.633754322077078,-28.373470503057305
TX,22,House,-27.49629736530884,-27.42219007167558,-26.92818445522478,-27.307517092960538,-27.419977684048057,-27.13143863658584,-26.645340349262,-27.384256720807937,-27.30991803730157,-27.186032078679574
TX,23,House,-25.39816858567377,-25.67863423468881,-25.25909941061878,-25.841000563426704,-25.95265281970972,-25.33809475362823,-25.41600829768048,-25.32604632105233,-25.636911977621743,-25.504871195540048
TX,24,House,-20.814493606328785,-20.605717756787936,-20.301134093225635,-20.61346260787577,-20.58956996023509,-20.739825998670447,-20.521754085686936,-20.63602504824156,-20.73940159972119,-20.2758187329262
TX,26,House,-26.01689506011758,-26.03912789363541,-25.5817976984925,-25.969313820581984,-26.20845991026729,-26.01573002733243,-25.517493211372567,-25.62086930589152,-25.848212051028646,-25.886903515001947
TX,27,House,-31.156326086959258,-31.510395559856384,-30.769928785254645,-31.56530267802367,-31.953446066024163,-31.40450210714456,-30.93847641074123,-31.52961742120919,-31.398583475205363,-31.35848441800475
TX,28,House,16.687952252516936,16.286079574035604,16.171560787458553,15.494763483386423,16.932441229903624,15.590808461587292,17.585511551609343,17.77885818418544,16.44961071011693,17.618593768030365
TX,29,House,43.068687351946814,43.96806989698642,42.66086184185954,42.91417570365529,43.600547697452726,42.86129020314772,43.03759463604615,43.40473147276384,43.13657466282497,43.298588147457934
TX,31,House,-23.293487934104824,-23.34819941336257,-22.59195024281366,-23.525787933499057,-23.72293937131132,-23.20520254831409,-22.95707299182,-23.245727788580098,-23.403903491608254,-23.46421836189044
TX,32,House,30.55054045526059,30.86491048881783,30.084430527189006,30.93448077988732,32.20134301552659,31.27100865318406,31.495267177040475,32.388468716448976,31.412817154223504,31.88763955967119
TX,33,House,47.01493899518846,47.73633914041333,46.425055702348814,46.89020733460104,47.59232662856387,46.677246185177474,47.15862632556326,47.089849535752585,47.10677761359521,46.93233396918141
TX,34,House,1.5739710259790234,1.76734220626127,2.48619000763407,2.21204591226154,2.0609766715594704,1.3067512807451207,2.0233282132963195,1.6821514256424566,1.7942217039212058,2.3027672312392733
TX,35,House,43.671336261106326,44.65653177822881,43.96307138499889,43.68938253355043,44.763143616096094,44.01853150367111,43.84085248398359,44.44030429502618,44.36762159334037,44.29911766970602
TX,36,House,-34.809312708908195,-35.17433916397698,-34.25495673867019,-34.93408607536266,-35.269103196381494,-35.177073321151575,-34.17500152752086,-35.23845987894391,-34.812538029834265,-34.86395516071522
TX,37,House,50.79219257228087,50.95652654766493,50.676340905228216,50.66064321384337,51.542238067058335,50.09710613043354,50.94503342826087,51.31288155405436,50.505344785189166,51.012373543603275
TX,38,House,-25.86750104210031,-25.93576430769077,-25.475018979833685,-26.04544739424352,-26.219262731373554,-25.61902214342349,-25.38644317819009,-25.789797135726754,-25.76579175514725,-25.688714658137492
UT,1,House,-32.70199764509411,-33.41413058438268,-32.78778579239386,-32.8302641055309,-33.73749374287739,-33.023949825582164,-32.61886158229174,-33.21960928715437,-33.224039239256555,-32.69421832292065
UT,2,House,-28.66142969326236,-28.7221556417664,-28.310296749156777,-28.76781961523632,-29.11020941188017,-28.64545519057348,-27.98126188808419,-28.87281424643488,-28.490585982426047,-28.324301034605284
UT,3,House,-29.04127056489049,-29.35193659114534,-28.86779269134188,-29.4852663764204,-29.475045665318568,-29.15241908986135,-28.81892923992701,-29.16197028236571,-29.182457730388784,-29.156431151139948
UT,4,House,-29.93329245291676,-30.24705893223504,-29.69723795681584,-29.99849672535656,-30.513799453400992,-30.10672944792113,-29.37300158852703,-30.15421154412053,-29.93850199102192,-29.678309612536193
VT,1,House,30.44179636764465,31.56101463837188,30.642489318812032,30.58837604281569,32.25462862415699,31.15058928740681,31.16937312651816,31.762227292616465,31.420339528893344,31.449998936159943
VA,1,House,-20.75814269410593,-20.70597846804093,-20.06073382937092,-20.8331514582954,-20.800464922650303,-20.497186870871545,-20.34958820766137,-20.56657385603586,-20.933422074295784,-20.79054272171232
VA,2,House,-11.878541613048464,-12.566570381787244,-11.80791567400114,-11.853746375522512,-12.174815689039828,-12.15820304862066,-11.510478442428717,-12.169601550222858,-12.082853615624998,-11.672937597600058
VA,3,House,36.465930233862736,37.41207901417417,36.23350086479078,35.976453708358235,37.2235139156368,36.33009923340043,36.88484912748258,37.23893379692859,36.81542373341426,36.927518379554044
VA,5,House,-25.969366117043087,-25.78357726746245,-25.61281300471737,-26.42938611889352,-26.241142798384104,-25.98662896247477,-25.85586365582389,-26.07242355236512,-26.523191237583184,-26.010348547005414
VA,6,House,-31.377266458501097,-31.893061342920305,-30.901154360606192,-32.213806251232114,-32.49051831279483,-32.12556810431293,-31.49586729087828,-32.182020981915485,-31.93837492839192,-31.610586017497553
VA,7,House,11.938695593225065,11.676713376137531,11.734139030965746,11.44911417657594,12.064591091507872,11.680758373837966,12.922913344657053,11.85374344610272,11.634234662935944,12.761367712877693
VA,8,House,46.21231058084361,46.95630181192228,45.725155730921045,46.39740889223889,46.84980080202578,45.90072113537936,46.35130805766728,46.72561116876848,46.25530461404273,46.50132106962262
VA,9,House,-41.50697160817551,-41.915930739523645,-40.957757519695306,-41.57533627136039,-42.33172975101925,-41.346230890953024,-41.16542151834359,-42.21304662737529,-41.42690884457398,-41.4062007040785
VA,10,House,19.562689771871696,20.4592902715932,19.68457453849233,19.52628163831597,21.265717196959752,19.85817483431793,19.947022827940387,20.639306158429484,20.709667009917343,21.134017402196235
VA,11,House,32.995034308573494,34.30048244629374,32.96798753706028,33.25516539109691,34.78039301110361,33.80359160378387,33.89587657136441,34.0134039557076,33.96025142517615,33.99151274327026
WA,1,House,27.676666038603926,28.28881414943389,27.772998348079607,28.00269448721795,29.20417538430397,28.17045415434813,28.2565025742263,29.00931222361189,28.073721207719185,28.665615758972606
WA,2,House,25.828918196686747,26.571462262464586,25.95741191394647,26.01823738636849,27.22435174495068,25.81084064914632,26.186314020357305,27.04035522220217,26.28311187702774,26.38782618731961
WA,3,House,7.771131477236666,6.615254999815242,7.754787141574321,7.60203705892668,8.45811124734525,7.213897282005265,7.769777997540974,7.660122796433283,7.493427010213645,8.522369484574075
WA,5,House,-23.862960550005297,-24.291647824111124,-23.36421731315344,-23.977475848958733,-24.4543332010683,-24.15004827798477,-23.98044642403235,-23.88868718154813,-24.03624238790414,-23.951166821008897
WA,6,House,23.22895480484195,23.83613801220562,23.388945339975464,23.380248744990524,24.31967898080409,23.219304869659727,23.50623919198758,24.426124598758964,23.708481195048428,23.655972750667978
WA,7,House,58.71217620939379,58.73733191144024,57.64770507636251,58.49988497910465,59.34654383667552,57.67064335090072,58.25700182552103,58.3445062741299,58.31189156050574,58.599165061622166
WA,8,House,15.701123890248954,15.24454459412583,15.240251449393782,15.035496428396756,15.331267314696202,15.063563784407217,15.939770369825244,15.511510337052488,15.13490977927988,16.002664340764955
WA,9,House,41.912425715277806,42.8486270377452,41.75336295983573,41.84145881027273,42.45601230839048,42.005616367125626,42.02029184560123,42.7269741205194,42.38056010173658,42.40599481884972
WA,10,House,22.47899708837556,22.56921939896036,22.72667532500852,22.64708137463671,23.95590767813957,22.142536070586665,22.38606049082913,23.327101193723987,21.809276451742832,23.093417682539872
WV,1,House,-33.72172524873612,-34.57252197643754,-33.57942624060813,-33.960131587495624,-35.19380841681781,-34.3538906568492,-33.09083053339172,-34.03349420622649,-33.89707053529099,-33.75219753459501
WV,2,House,-36.00786028363727,-36.7177689588477,-36.07268701740219,-36.20889321138243,-36.84300259559642,-36.73176702228798,-35.812425148185895,-36.49837242414321,-36.640306925528165,-36.00919934015788
WI,1,House,-19.72827206101508,-20.81831086368172,-19.186766042931453,-19.782399142333308,-20.534876876028097,-20.026455848022675,-20.08539511738709,-19.86522932485921,-19.83332646351363,-19.61339339859652
WI,2,House,37.62546369736872,38.5092254358919,37.941792535652525,37.82608059771562,38.76241138783827,37.91952386591812,37.730851117851394,38.34177048551473,38.27575807731699,38.23884723255051
WI,3,House,-14.348997720126068,-14.608317314194762,-14.196538419748478,-14.616145140982928,-14.586554844743022,-14.507848363975905,-14.201919746504828,-14.287914320571645,-14.630230225550855,-13.969533355064515
WI,4,House,50.870143231787246,51.37850727448007,50.667558548579606,50.734072240402405,51.75876338280536,50.66529392240399,51.38299994852716,51.45131701746845,50.84025413209287,51.12159917413054
WI,5,House,-30.46428228291872,-30.710628077252267,-30.12139899792726,-30.46964229853273,-30.93695255945773,-30.43971364846028,-29.882811158637644,-30.742926958057765,-30.41335242460935,-30.334327795793875
WI,6,House,-29.032503289419985,-28.93083621371147,-28.70264306982769,-29.168074340814115,-28.9432017094212,-29.16187262825773,-28.466191482594247,-29.20440559757303,-29.16743961392281,-28.87426049730073
WI,7,House,-28.45987487366052,-28.83869826613701,-27.82417293258848,-28.24772576874973,-28.424526933787128,-28.273677646246767,-28.089044293709577,-28.09093763640541,-28.24137902351827,-27.800692170307308
WI,8,House,-26.49332567762682,-26.415319358958683,-25.88184486366486,-26.566284745554803,-26.70106877293523,-26.426538443616973,-26.12319586231402,-27.36045859288265,-27.550263590669694,-27.2185207656157
AZ,0,Senate,2.7514373082416395,2.1229244106170486,2.949793404983024,3.0988375912559136,3.625921833565091,2.7203556918018665,3.517730074189957,2.9038862620077905,2.435715449981618,3.6519121164346604
CA,0,Senate,24.93141956393256,25.19208207674496,24.812236501021207,24.85776013079014,25.70002806816641,24.72715594891655,24.96121007442706,27.943879320776503,27.49228857258791,27.554851320890855
CT,0,Senate,27.307038030531032,27.44949307226933,27.465591267254403,26.828034399414896,28.35384524583585,27.28798343646929,27.73152532963533,28.34364921738634,27.75440134943134,27.70498717240561
DE,0,Senate,21.22039619687284,21.51383500790877,21.522549331956743,21.22601848888036,22.4231712041408,21.66138613013274,22.065824271207525,21.833287892175058,22.173885773891683,22.19732922501189
FL,0,Senate,-11.684473411332998,-11.642698504948614,-11.292859275991129,-11.81207147218161,-11.77381838778488,-11.908409676394266,-11.11725760301972,-11.663823759832392,-12.064276514499156,-11.531466453417803
HI,0,Senate,31.96763280975493,32.68810948100522,32.12004221403576,32.30869801860281,33.443460299572166,32.25428372950251,32.885987228852805,33.31055767763221,32.95549568543352,32.72908930821147
IN,0,Senate,-24.49004776700721,-24.328180061332937,-24.22956668910456,-24.7224894396794,-24.59463350467541,-24.442630423161347,-24.1540340212684,-24.563617018756016,-25.073913926949384,-24.607286765582604
MD,0,Senate,18.45683549316227,19.408406023414976,18.83852217104585,18.80859979437025,19.52100791848987,18.816808169250287,20.06141709782914,20.143241906506432,19.33353337220481,19.782856022003656
MA,0,Senate,24.74507375435392,25.25023296932744,24.81126416729633,25.025975484499213,26.884673012572016,25.38626225568372,25.506452030295485,26.21530198298138,26.09314135284775,26.058791896429053
MI,0,Senate,5.287275842751501,4.471617562764459,5.164732328128951,5.2797521109910495,6.136464381370207,4.801684739890593,5.637219381237401,5.324296622952326,5.248798085981544,6.046933771247479
MN,0,Senate,19.7400804438634,20.180230804689543,20.31543404972829,19.89528189723969,21.799860810148964,19.44201957323689,19.60380056472384,20.470836309721104,20.741034703410385,20.734933485896
MS,0,Senate,-23.69342394948768,-23.356478571808413,-22.888854517665564,-23.44928581331217,-23.68222827713216,-23.70782655371436,-22.76464096087406,-23.28656680248256,-23.673672018763156,-22.870233028739797
MO,0,Senate,-13.317878884568165,-12.986486902318706,-13.136725073146067,-13.577459652890209,-13.5037797531491,-13.053767989088726,-13.270096128192824,-13.027080255980794,-13.595770365671363,-12.651358711325955
MT,0,Senate,2.8926552607938274,2.2494948648650026,3.3527401484123773,3.2551100504704964,3.645978148849708,2.629104153290309,3.3343812026061723,2.8488959009616748,2.78032001732888,3.597632936169708
NE,0,Senate,-24.869339191260053,-25.105876811220337,-24.717204350850945,-24.929373739078777,-25.040059874771625,-25.062878576965627,-24.517354378523795,-24.99450465042589,-25.2433578618001,-24.77349328825752
NV,0,Senate,4.569491513804567,4.23518998159871,5.310016534865916,5.090024561946809,5.937882368428266,4.747368128208424,4.557572914502996,4.123432850295128,3.836448365647789,4.807551534725537
NJ,0,Senate,14.12460243111584,14.057040915454207,14.202471657141086,13.702844697183524,14.543776641439525,14.38588220598753,14.54661901525776,13.998234659447302,13.605544045099704,14.629844371546241
NM,0,Senate,21.454712841953665,22.22838838527284,21.84352092668553,21.93873434473681,22.876981790746434,22.276675978960256,22.36922343548504,22.42166561411525,22.945410627095185,22.765070972728175
NY,0,Senate,27.774270670239304,28.407472887189783,27.51067505577648,28.15297290776656,29.4740984424424,28.1201240789374,28.11120691054525,28.87367309461599,28.484817505454853,28.63050215522444
ND,0,Senate,-20.867890529113748,-20.65100271492009,-19.81388286067073,-20.68406465816541,-21.329684750485512,-20.85353925323515,-20.47851350028085,-21.007943499317378,-21.575313401218764,-20.266587625809706
OH,0,Senate,5.742073010572222,5.017091734548044,6.2038308134611135,6.062924256001853,6.748276609411933,5.620405021030308,6.020932141561521,5.7058319501892125,5.542535122041088,6.751199218325901
PA,0,Senate,6.8077599999137615,7.068889898061414,7.554995865032483,6.9886632140863885,7.508466003516305,6.853814391980199,7.512982667142092,7.278813707914509,7.004849987194639,7.8211907796192754
RI,0,Senate,24.314341643599622,24.679534087265225,24.76491713886017,24.6158679116011,25.425594323619865,24.79719344175848,24.95625613250097,25.12477663327895,25.13118399128215,25.05897271260229
TN,0,Senate,-21.099540364763097,-20.75880800333324,-20.774098350805893,-21.20361177552375,-21.018976032970407,-21.43366989727315,-21.75051465609358,-22.06443613580445,-22.367699785828727,-21.92827383881128
TX,0,Senate,-8.560996411806713,-8.59175521071571,-8.208640130396308,-9.503577511130215,-9.35360775900938,-9.318038562054335,-8.577846737678797,-9.111185041366472,-9.38338532907468,-9.239809530060173
UT,0,Senate,-22.68654092086409,-22.70647217517788,-22.27509021658394,-22.59868657942555,-23.04235301523167,-22.939573634508093,-22.56644532819354,-22.84361891954989,-23.09366769475821,-22.40657141830263
VA,0,Senate,18.568993392466147,18.614111308888187,18.87036007937158,18.956086549890635,19.7697294211845,18.85197070718948,16.402570108099773,15.994876995131763,15.823909875894731,15.807924503823507
WA,0,Senate,16.84566751323408,16.338830567007307,16.360321680384544,19.042534832569707,20.19471859834228,19.549413732534127,20.24540818889199,19.97787124200613,19.797501699061783,20.433384364278616
WV,0,Senate,-30.496811051294223,-30.868384603962085,-29.8922357324202,-30.059189046972843,-31.49048740648392,-30.77364988364862,-29.49854819075697,-30.81066055524733,-30.64745000537608,-30.390532561751
WI,0,Senate,5.428908167813718,5.218994608437814,5.478892476762695,5.527764252070891,5.578568638818176,5.847168139652162,6.182777696823802,5.456819551193847,5.2750051157712665,6.417476779122746
DE,0,Governor,21.663746190231144,21.92036998818024,22.055131612033023,21.41625154622419,24.015607342493983,21.23160387497502,21.723004943694264,22.755008529174333,23.0593185074026,23.158380443892437
IN,0,Governor,-25.44699773713369,-25.354177556404792,-25.37046983668348,-25.78560409928606,-25.55393107048797,-25.99753047471623,-24.86496613133544,-25.78904223041421,-25.598483479011374,-24.648629741389286
MO,0,Governor,-24.39324385659703,-23.82621462420636,-24.24726521896329,-24.51244073281122,-24.139108003799507,-24.0279708422512,-23.91358379025024,-24.14109884303093,-24.913950378069583,-23.49295723185316
MT,0,Governor,-23.08234411228782,-22.566941065769782,-22.36168591758649,-23.05858762167402,-23.245836716288057,-22.603393589876983,-22.28704532809169,-22.562937748786467,-23.797964327803868,-22.43060019191941
NH,0,Governor,-6.282095299008342,-7.356411159981761,-5.3539409264693525,-5.389687917634882,-4.904332488257509,-6.554477836591792,-4.625012181166213,-6.413577725159903,-6.413871560245381,-5.272574149883684
NC,0,Governor,2.3420728746855177,2.3589875725906007,2.987322339638577,2.8026765558231888,3.0787226946314625,2.762562754809359,2.984737295583896,2.773839424159994,2.6843845285167864,3.596620358304934
ND,0,Governor,-32.262060893556246,-32.1404145732573,-31.43856024529049,-31.74156471173684,-32.310138833568004,-31.850347268334048,-31.223934669162794,-31.759770782594032,-32.37638373159439,-31.058432751279103
UT,0,Governor,-25.275158713517776,-25.4301370690295,-25.37373235993352,-25.72459745019424,-25.29284781789833,-25.860958717446003,-24.93984474276405,-25.736172865544024,-25.648762857177942,-24.54803433087313
VT,0,Governor,-24.532981329830186,-25.52306889430677,-23.89979010941381,-24.11134032690307,-25.567524158966418,-24.173678515198645,-23.190607425863377,-24.590758998260547,-24.544379763670435,-24.365976070492273
WA,0,Governor,5.355533041051618,5.934267042240049,5.724447214062742,10.886980469119734,13.151065840784268,11.211256949539836,10.79521410025249,11.107891188295326,12.554363337968304,12.515235888055297
WV,0,Governor,-31.07935111104275,-31.035238486996622,-30.311828702141227,-31.14424403510658,-31.307081689168104,-30.763798822006382,-29.7327717184087,-30.77901505903727,-31.361061429577624,-29.91333901462616
AL,0,President,-25.087501835976937,-24.56877173264412,-24.45921682494909,-24.93193741456674,-25.84311599223781,-24.85699519124057,-24.55111196486961,-25.268455176401293,-24.96798299196923,-25.017010751869005
AK,0,President,-12.820792939701334,-12.902851022974993,-12.543959057629673,-12.45607495263166,-12.849560515494703,-13.040878583749029,-12.19568289393901,-12.761253639125322,-12.754602942737687,-12.750651149508087
AZ,0,President,-1.2441268992290415,-1.7809875775317967,-1.0419311242059712,-1.203541774186441,-0.8345130599771502,-1.5671804263118134,-0.6011333312146481,-0.8189327994287008,-1.2416674320349297,-0.9952651788158868
AR,0,President,-22.49831198117249,-22.408320232085494,-22.28363771001455,-22.41038237629021,-23.35064418672902,-22.574061110818057,-21.83892319573514,-22.52866239331147,-22.16146204585568,-21.86441605654009
CA,0,President,20.90087130008527,21.12360886828359,22.121133914461257,22.005418583178542,23.20336524411991,22.030292233987563,22.28343105227961,20.7371805314532,20.58535281101389,20.575730734028866
CO,0,President,8.435969046353929,9.148420569142196,9.42546289534924,8.877740278555654,10.077046805940736,8.997500226545856,9.635372559834094,9.218908866201058,9.49490112999608,10.064647776689327
CT,0,President,13.49474679637817,14.006447186634247,13.95818442632086,13.830500914355095,14.930082181139516,13.468927950809222,14.363498642704007,13.908563534436016,14.457667746942272,14.852284793983188
DE,0,President,12.894213031068531,13.366176818341724,13.404177804868496,13.248390583775777,14.144141844196806,12.700322360270734,13.538007979686167,13.186224725456654,13.830596190477571,14.212795992622372
FL,0,President,-10.013611392543696,-10.007384274238763,-9.817152532144732,-10.267027399298096,-9.791845774756176,-10.090231627461415,-9.482230069066,-9.751954235011963,-10.382831289344526,-9.600590452168028
GA,0,President,-1.31763834959282,-1.8209643869944896,-0.9580459016209392,-1.3526001345590686,-0.8837731269919513,-1.5852280027624608,-0.8324431889975941,-0.914622118651198,-1.295970418957059,-1.0150473693818158
HI,0,President,18.8122254813183,19.194918535377408,19.50858507126249,19.008123752383973,20.21408760507457,18.685943438981383,19.25675166565837,19.61511501327438,19.50304731525624,19.480622910390068
ID,0,President,-29.573197940259583,-29.026360312181275,-28.669196869230984,-29.06699342621908,-30.13142554702376,-29.28571557409381,-28.75908579496134,-29.79877774088996,-29.23888524240148,-29.567244266690825
IL,0,President,13.041987532229552,13.615439171435565,13.508392226900355,13.486607638591074,14.449707429961483,12.892570820993758,13.763574585138112,13.352607999592404,14.004360465637268,14.413270098059211
IN,0,President,-15.66853290030111,-15.354855776471874,-15.764860804806611,-15.969390110055349,-16.219416925993507,-16.148729536670178,-15.382784385066184,-15.544708362257488,-16.129161273526094,-15.749125566730608
IA,0,President,-10.10535687385532,-10.495594167257847,-10.200756092999704,-10.11696816327778,-10.231057460652831,-10.005008564969891,-9.54711836958464,-9.950913656712665,-10.180136910689422,-9.719534337503699
KS,0,President,-15.244878968604564,-14.914713280048876,-14.850071434072031,-15.155707690539508,-15.35785243822408,-15.137608503251348,-14.68087325219478,-14.783454986796285,-15.22397794704252,-14.976395913383811
KY,0,President,-25.75913357571739,-25.37827658688432,-25.07135462242903,-25.407140586439937,-26.331183683595786,-25.40500094534264,-25.12347259987653,-25.67367862806064,-25.25738524139612,-25.245321197777052
LA,0,President,-20.78120898008057,-20.030562166967183,-20.52044895180731,-20.73532095106384,-21.61058852305917,-20.687511389228806,-20.31456553917598,-20.45826100965745,-20.800767604973785,-20.53307302384595
ME,0,President,2.803661278374368,2.693816077657881,3.8213380922848073,3.3612471525017247,3.6485679068623433,3.1669521284329623,3.052143351141652,2.8234243553613374,3.506997303464585,4.0963898141627215
ME,1,President,13.107162796753766,13.66428449850116,13.13660513744514,13.938482399562172,14.282161187034497,12.970603552320746,12.984102554844863,14.49776231395801,14.018194608722858,14.734491445819662
ME,2,President,-11.961745961396035,-11.97481642249008,-11.256302283711909,-12.372630767014773,-12.12212960002465,-12.052688095603584,-10.929726920361666,-12.394977631581964,-12.45763740242867,-10.909398089335825
MD,0,President,21.433369923589723,26.11359215227595,25.84711183819035,25.452889012980165,26.57693977469988,25.59837157649521,25.688904545745288,26.293342906006544,26.160706226650813,26.246054713666673
MA,0,President,24.181611394326485,24.151672877846003,24.527858035227585,24.47739321667668,25.46675280779392,24.23753564776709,24.92766993356265,25.23926408903452,24.97860831320625,25.193140324898017
MI,0,President,0.1204069236550771,-0.110910534912711,0.4989453223360569,0.0094726887218521,0.5985410636195434,-0.0390099689700328,1.0453596983426157,0.4205525906903831,0.3687326268134009,0.744229102875986
MN,0,President,3.80469219140233,3.848377827590181,4.902474794464321,4.217588412476813,4.409261409881193,4.113747425468226,4.423326380637141,4.425847604073599,4.47867562563054,5.068051489427464
MS,0,President,-16.907175186863583,-16.395853996065213,-16.429106511958842,-16.891181611168257,-17.172603108634675,-16.945180666565115,-16.600387364132384,-16.835497427664976,-17.699294223456803,-16.912171811463786
MO,0,President,-16.212957713513543,-16.39398107330438,-16.194781214400017,-16.41188739744483,-16.673211004212487,-16.55261864331123,-16.073692236764764,-16.200074372891663,-16.84896701641157,-16.36589312322119
MT,0,President,-23.032413543285216,-22.32801668282289,-22.75633362031315,-22.904288349483853,-23.42897248134773,-23.063987253155737,-22.733222916115167,-23.026595613416365,-22.93322064997549,-22.737971193775763
NE,0,President,-21.996118461343404,-21.48023642895763,-22.00760072303698,-22.06384404911899,-22.36996712057708,-21.95832637172871,-21.445756211888742,-22.013017388512907,-21.80135179126443,-21.66265121002695
NE,1,President,-13.10677761152391,-12.880563289228371,-12.811680354924428,-12.987173257088548,-13.24139662862814,-13.177268241578464,-12.746144068342002,-12.952291898385749,-13.26119958203166,-12.19273825037665
NE,2,President,0.3947297498865457,0.4466917245679271,0.9839987570105913,0.6115990029504927,0.1785332407775584,0.9364930098449796,0.347636844074753,0.2600617267590934,1.3227412358491244,1.1475678543206203
NE,3,President,-31.011836382821024,-31.53989505647385,-30.99838814644607,-31.10364732807957,-32.03067165286268,-30.41546906137384,-30.092208991450327,-30.97357329457397,-31.05712453872925,-30.46507528968632
NV,0,President,-0.0488535845749983,-0.311962781600034,0.3557545591666834,-0.0774703985106664,0.3345582237740772,-0.2270829752364487,-0.0266322308388023,-0.7178157893198883,-0.6989444287651301,-0.30582460904683517
NH,0,President,3.7413521378307744,3.528704993898582,4.555230047782277,4.033782404809672,4.462894333048357,3.984146915497875,4.440400485171797,3.942111345173294,4.232076359262001,4.947700734431814
NJ,0,President,10.179878614171152,10.480456059644087,11.1190492956601,10.868435794803595,11.457094187800829,10.554110772722067,11.190122099154795,11.109003957744754,11.224284828968882,11.455675627921316
NM,0,President,5.50575612906191,5.964485215335799,6.370740278417831,5.482929177792782,6.327346617569443,5.915030475935907,6.400694977631527,5.9530694120477605,6.259309050608369,7.025785761211461
NY,0,President,15.431617950255523,16.066874734005026,16.0255607803358,15.924546702074236,17.213224077312496,15.9013080164328,16.389372982303804,16.5228366492219,16.62537357246789,16.756385777903972
NC,0,President,-6.576754933068911,-6.872818176791789,-6.517757519126542,-6.664193196736347,-6.537128901136155,-6.803139586577533,-5.914845832585908,-6.328382761830667,-6.724355704912032,-6.153031784861024
ND,0,President,-29.66260688510941,-29.972662384453297,-29.526744855297807,-29.676408210138867,-30.41900485061113,-29.759103885076904,-29.10417638853248,-30.0745414264236,-29.716634691884373,-29.38841253022877
OH,0,President,-12.377738411715892,-12.581542411231542,-12.221776369077308,-12.55027346729578,-12.378551126289338,-12.386720270989084,-11.60855465217426,-12.278992979018104,-12.474542110277676,-11.800655699761784
OK,0,President,-28.572977039669347,-28.456430935020165,-28.27173297092361,-28.598462641774795,-29.19858725954488,-28.566206722356373,-27.751702395148577,-28.79728211508303,-28.739276305209764,-28.458537300677854
OR,0,President,9.956725042971405,10.459379767960328,10.743539439703808,10.487754995499024,11.305535910360838,10.019458056640218,10.87903172425473,10.501788590834664,10.913896215066371,11.426808506851788
PA,0,President,0.1624708054445252,-0.0054009232855188,0.5536819933712112,-0.0051518686205646,0.621348861282149,-0.0520770611845113,1.062438102701935,0.4411261805194404,0.4462913031760989,0.6982922625178087
RI,0,President,12.696667131217534,13.1678822917086,13.099200808349911,12.91882774712016,13.765362852151425,12.554555287825211,13.537809840626078,13.35040301965368,13.66193374063883,13.696106738138411
SC,0,President,-14.185780795523607,-13.959115401131818,-13.850708751099535,-14.354279028324392,-14.457091570444057,-14.282060860633225,-14.002051657650249,-13.900074698590046,-14.475745920767338,-13.876511237310371
SD,0,President,-24.25809901635587,-23.700493874060903,-23.535131792529675,-23.94698370813271,-24.7833795294934,-24.03528586742965,-23.447669056024232,-24.07533901095597,-23.83988546015604,-23.755636758237063
TN,0,President,-24.140902559331103,-23.691236794334884,-23.401345117513003,-23.802033191925386,-24.78647365462565,-24.030424074709728,-23.757004125338742,-24.469564723209345,-24.16264262863649,-24.192856917338915
TX,0,President,-11.562540398951969,-11.675852298657489,-11.501810052291566,-11.331069621476804,-11.224913970133056,-11.548031825174498,-10.844760190650012,-11.131441321324182,-11.619722686791764,-10.803659515578133
UT,0,President,-22.19581961290812,-21.60061985629475,-22.13242297224157,-22.02724160527552,-22.408595219380928,-22.192755763987748,-21.568101315051763,-22.391040496002685,-22.318728467874017,-22.119102375873396
VT,0,President,22.92024796542333,23.36396333195353,23.43950715783589,23.87239192294874,24.730642457807846,23.40704704763065,23.7386813185276,24.22906770844518,24.13199508518546,24.12448102336237
VA,0,President,5.525129414368469,5.503461335683191,6.145880895861993,6.492092439821683,6.3139938370603,5.874692011345329,6.309846132560596,5.887768194674193,6.259884547613535,6.691134541880916
WA,0,President,12.892830882719192,13.50955799416316,13.397792121673866,13.007527818750638,13.865146371875468,12.674575016120492,13.625237484174194,13.134130077424096,13.538069716683529,13.745319151418276
WV,0,President,-32.535638800921646,-32.70666819582681,-32.26167351425314,-32.5030284297722,-33.3305408954141,-32.58812671636025,-31.78787918122969,-32.945303408843564,-32.410061114526414,-32.13395101083448
WI,0,President,-0.936519896571564,-1.1298051155351976,-0.3628420418945987,-0.8867167197494796,-0.4811639967945871,-1.1229932489249506,-0.0738086091772941,-0.5656005711479584,-0.704536006192767,-0.44091469706908726
WY,0,President,-39.46625541440871,-39.38714352265585,-39.13040208457269,-39.14303199625837,-39.985727425209326,-39.6544478729186,-39.14315378554923,-39.93224646774945,-39.64452737514545,-39.45079460879124
DC,0,President,65.50168846435356,65.94020452917053,64.32248959161927,65.09939926794016,66.68324420454512,63.79225066796376,63.48960013737607,65.63467714701862,65.76830610781505,65.96090923350542
AL,3,House,,,,,,,,,,
AL,4,House,,,,,,,,,,
AL,5,House,,,,,,,,,,
AK,1,House,,,,,,,,,,
CA,12,House,,,,,,,,,,
CA,16,House,,,,,,,,,,
CA,20,House,,,,,,,,,,
CA,34,House,,,,,,,,,,
CA,37,House,,,,,,,,,,
FL,20,House,,,,,,,,,,
HI,2,House,,,,,,,,,,
IL,4,House,,,,,,,,,,
IL,9,House,,,,,,,,,,
IL,15,House,,,,,,,,,,
IL,16,House,,,,,,,,,,
KY,4,House,,,,,,,,,,
KY,5,House,,,,,,,,,,
LA,1,House,,,,,,,,,,
LA,2,House,,,,,,,,,,
LA,3,House,,,,,,,,,,
LA,4,House,,,,,,,,,,
LA,5,House,,,,,,,,,,
LA,6,House,,,,,,,,,,
MA,4,House,,,,,,,,,,
MA,5,House,,,,,,,,,,
MA,6,House,,,,,,,,,,
MA,7,House,,,,,,,,,,
MA,8,House,,,,,,,,,,
MA,9,House,,,,,,,,,,
MS,3,House,,,,,,,,,,
NV,2,House,,,,,,,,,,
NY,10,House,,,,,,,,,,
NY,12,House,,,,,,,,,,
NY,13,House,,,,,,,,,,
NY,15,House,,,,,,,,,,
NC,3,House,,,,,,,,,,
NC,6,House,,,,,,,,,,
OK,3,House,,,,,,,,,,
PA,3,House,,,,,,,,,,
TX,1,House,,,,,,,,,,
TX,9,House,,,,,,,,,,
TX,11,House,,,,,,,,,,
TX,19,House,,,,,,,,,,
TX,20,House,,,,,,,,,,
TX,25,House,,,,,,,,,,
TX,30,House,,,,,,,,,,
VA,4,House,,,,,,,,,,
WA,4,House,,,,,,,,,,
WY,1,House,,,,,,,,,,
ME,0,Senate,,,,,,,,,,
VT,0,Senate,,,,,,,,,,
WY,0,Senate,,,,,,,,,,
US,0,Senate,50.0,50.0,50.0,50.0,50.0,50.0,50.0,50.0,50.0,50.0
US,0,House,215.0,212.0,214.0,214.0,215.0,212.0,214.0,214.0,212.0,215.0
US,0,President,254.0,241.0,266.0,243.0,265.0,232.0,270.0,260.0,259.0,260.0
