"","GEOID","NAME","total_population_raceE","total_population_raceM","median_household_incomeE","median_household_incomeM","total_population_white_aloneE","total_population_white_aloneM","median_household_income_white_aloneE","median_household_income_white_aloneM","total_population_hispanicOrLatinoE","total_population_hispanicOrLatinoM","median_household_income_hispanicOrLatinoE","median_household_income_hispanicOrLatinoM","total_population_black_aloneE","total_population_black_aloneM","median_household_income_black_aloneE","median_household_income_black_aloneM","total_population_americanIndianAlaskaNative_aloneE","total_population_americanIndianAlaskaNative_aloneM","median_household_income_americanIndianAlaskaNative_aloneE","median_household_income_americanIndianAlaskaNative_aloneM","total_population_asian_aloneE","total_population_asian_aloneM","median_household_income_asian_aloneE","median_household_income_asian_aloneM","total_population_nativeHawaiianAndOtherPacificIslander_aloneE","total_population_nativeHawaiianAndOtherPacificIslander_aloneM","median_household_income_nativeHawaiianAndOtherPacificIslander_aloneE","median_household_income_nativeHawaiianAndOtherPacificIslander_aloneM","total_population_someOtherRace_aloneE","total_population_someOtherRace_aloneM","median_household_income_someOtherRace_aloneE","median_household_income_someOtherRace_aloneM","total_population_twoOrMoreRacesE","total_population_twoOrMoreRacesM","median_household_income_twoOrMoreRacesE","median_household_income_twoOrMoreRacesM","total_population_educationE","total_population_educationM","total_lessThan9thGradeE","total_lessThan9thGradeM","total_9thTo12thGradeNoDiplomaE","total_9thTo12thGradeNoDiplomaM","less_than_hs_white_maleE","less_than_hs_white_maleM","less_than_hs_white_femaleE","less_than_hs_white_femaleM","less_than_hs_black_maleE","less_than_hs_black_maleM","less_than_hs_black_femaleE","less_than_hs_black_femaleM","less_than_hs_americanIndianAlaskaNative_maleE","less_than_hs_americanIndianAlaskaNative_maleM","less_than_hs_americanIndianAlaskaNative_femaleE","less_than_hs_americanIndianAlaskaNative_femaleM","less_than_hs_asian_maleE","less_than_hs_asian_maleM","less_than_hs_asian_femaleE","less_than_hs_asian_femaleM","less_than_hs_nativeHawaiianAndOtherPacificIslander_maleE","less_than_hs_nativeHawaiianAndOtherPacificIslander_maleM","less_than_hs_nativeHawaiianAndOtherPacificIslander_femaleE","less_than_hs_nativeHawaiianAndOtherPacificIslander_femaleM","less_than_hs_someOtherRace_maleE","less_than_hs_someOtherRace_maleM","less_than_hs_someOtherRace_femaleE","less_than_hs_someOtherRace_femaleM","less_than_hs_twoOrMoreRaces_maleE","less_than_hs_twoOrMoreRaces_maleM","less_than_hs_twoOrMoreRaces_femaleE","less_than_hs_twoOrMoreRaces_femaleM","less_than_hs_whiteAloneNotHispanicOrLatino_maleE","less_than_hs_whiteAloneNotHispanicOrLatino_maleM","less_than_hs_whiteAloneNotHispanicOrLatino_femaleE","less_than_hs_whiteAloneNotHispanicOrLatino_femaleM","less_than_hs_hispanicOrLatino_maleE","less_than_hs_hispanicOrLatino_maleM","less_than_hs_hispanicOrLatino_femaleE","less_than_hs_hispanicOrLatino_femaleM","total_highSchoolGraduateE","total_highSchoolGraduateM","hsGrad_white_maleE","hsGrad_white_maleM","hsGrad_white_femaleE","hsGrad_white_femaleM","hsGrad_black_maleE","hsGrad_black_maleM","hsGrad_black_femaleE","hsGrad_black_femaleM","hsGrad_americanIndianAlaskaNative_maleE","hsGrad_americanIndianAlaskaNative_maleM","hsGrad_americanIndianAlaskaNative_femaleE","hsGrad_americanIndianAlaskaNative_femaleM","hsGrad_asian_maleE","hsGrad_asian_maleM","hsGrad_asian_femaleE","hsGrad_asian_femaleM","hsGrad_nativeHawaiianAndOtherPacificIslander_maleE","hsGrad_nativeHawaiianAndOtherPacificIslander_maleM","hsGrad_nativeHawaiianAndOtherPacificIslander_femaleE","hsGrad_nativeHawaiianAndOtherPacificIslander_femaleM","hsGrad_someOtherRace_maleE","hsGrad_someOtherRace_maleM","hsGrad_someOtherRace_femaleE","hsGrad_someOtherRace_femaleM","hsGrad_twoOrMoreRaces_maleE","hsGrad_twoOrMoreRaces_maleM","hsGrad_twoOrMoreRaces_femaleE","hsGrad_twoOrMoreRaces_femaleM","hsGrad_whiteAloneNotHispanicOrLatino_maleE","hsGrad_whiteAloneNotHispanicOrLatino_maleM","hsGrad_whiteAloneNotHispanicOrLatino_femaleE","hsGrad_whiteAloneNotHispanicOrLatino_femaleM","hsGrad_hispanicOrLatino_maleE","hsGrad_hispanicOrLatino_maleM","hsGrad_hispanicOrLatino_femaleE","hsGrad_hispanicOrLatino_femaleM","total_someCollegeNoDegreeE","total_someCollegeNoDegreeM","total_associatesDegreeE","total_associatesDegreeM","someCollegeOrAssociatesDegree_white_maleE","someCollegeOrAssociatesDegree_white_maleM","someCollegeOrAssociatesDegree_white_femaleE","someCollegeOrAssociatesDegree_white_femaleM","someCollegeOrAssociatesDegree_black_maleE","someCollegeOrAssociatesDegree_black_maleM","someCollegeOrAssociatesDegree_black_femaleE","someCollegeOrAssociatesDegree_black_femaleM","someCollegeOrAssociatesDegree_americanIndianAlaskaNative_maleE","someCollegeOrAssociatesDegree_americanIndianAlaskaNative_maleM","someCollegeOrAssociatesDegree_americanIndianAlaskaNative_femaleE","someCollegeOrAssociatesDegree_americanIndianAlaskaNative_femaleM","someCollegeOrAssociatesDegree_asian_maleE","someCollegeOrAssociatesDegree_asian_maleM","someCollegeOrAssociatesDegree_asian_femaleE","someCollegeOrAssociatesDegree_asian_femaleM","someCollegeOrAssociatesDegree_nativeHawaiianAndOtherPacificIslander_maleE","someCollegeOrAssociatesDegree_nativeHawaiianAndOtherPacificIslander_maleM","someCollegeOrAssociatesDegree_nativeHawaiianAndOtherPacificIslander_femaleE","someCollegeOrAssociatesDegree_nativeHawaiianAndOtherPacificIslander_femaleM","someCollegeOrAssociatesDegree_someOtherRace_maleE","someCollegeOrAssociatesDegree_someOtherRace_maleM","someCollegeOrAssociatesDegree_someOtherRace_femaleE","someCollegeOrAssociatesDegree_someOtherRace_femaleM","someCollegeOrAssociatesDegree_twoOrMoreRaces_maleE","someCollegeOrAssociatesDegree_twoOrMoreRaces_maleM","someCollegeOrAssociatesDegree_twoOrMoreRaces_femaleE","someCollegeOrAssociatesDegree_twoOrMoreRaces_femaleM","someCollegeOrAssociatesDegree_whiteAloneNotHispanicOrLatino_maleE","someCollegeOrAssociatesDegree_whiteAloneNotHispanicOrLatino_maleM","someCollegeOrAssociatesDegree_whiteAloneNotHispanicOrLatino_femaleE","someCollegeOrAssociatesDegree_whiteAloneNotHispanicOrLatino_femaleM","someCollegeOrAssociatesDegree_hispanicOrLatino_maleE","someCollegeOrAssociatesDegree_hispanicOrLatino_maleM","someCollegeOrAssociatesDegree_hispanicOrLatino_femaleE","someCollegeOrAssociatesDegree_hispanicOrLatino_femaleM","total_bachelorsDegreeE","total_bachelorsDegreeM","total_graduateOrProfessionalDegreeE","total_graduateOrProfessionalDegreeM","bachelorsDegreeOrHigher_white_maleE","bachelorsDegreeOrHigher_white_maleM","bachelorsDegreeOrHigher_white_femaleE","bachelorsDegreeOrHigher_white_femaleM","bachelorsDegreeOrHigher_black_maleE","bachelorsDegreeOrHigher_black_maleM","bachelorsDegreeOrHigher_black_femaleE","bachelorsDegreeOrHigher_black_femaleM","bachelorsDegreeOrHigher_americanIndianAlaskaNative_maleE","bachelorsDegreeOrHigher_americanIndianAlaskaNative_maleM","bachelorsDegreeOrHigher_americanIndianAlaskaNative_femaleE","bachelorsDegreeOrHigher_americanIndianAlaskaNative_femaleM","bachelorsDegreeOrHigher_asian_maleE","bachelorsDegreeOrHigher_asian_maleM","bachelorsDegreeOrHigher_asian_femaleE","bachelorsDegreeOrHigher_asian_femaleM","bachelorsDegreeOrHigher_nativeHawaiianAndOtherPacificIslander_maleE","bachelorsDegreeOrHigher_nativeHawaiianAndOtherPacificIslander_maleM","bachelorsDegreeOrHigher_nativeHawaiianAndOtherPacificIslander_femaleE","bachelorsDegreeOrHigher_nativeHawaiianAndOtherPacificIslander_femaleM","bachelorsDegreeOrHigher_someOtherRace_maleE","bachelorsDegreeOrHigher_someOtherRace_maleM","bachelorsDegreeOrHigher_someOtherRace_femaleE","bachelorsDegreeOrHigher_someOtherRace_femaleM","bachelorsDegreeOrHigher_twoOrMoreRaces_maleE","bachelorsDegreeOrHigher_twoOrMoreRaces_maleM","bachelorsDegreeOrHigher_twoOrMoreRaces_femaleE","bachelorsDegreeOrHigher_twoOrMoreRaces_femaleM","bachelorsDegreeOrHigher_whiteAloneNotHispanicOrLatino_maleE","bachelorsDegreeOrHigher_whiteAloneNotHispanicOrLatino_maleM","bachelorsDegreeOrHigher_whiteAloneNotHispanicOrLatino_femaleE","bachelorsDegreeOrHigher_whiteAloneNotHispanicOrLatino_femaleM","bachelorsDegreeOrHigher_hispanicOrLatino_maleE","bachelorsDegreeOrHigher_hispanicOrLatino_maleM","bachelorsDegreeOrHigher_hispanicOrLatino_femaleE","bachelorsDegreeOrHigher_hispanicOrLatino_femaleM"
"1","01","Alabama",5028092,NA,59609,377,3329012,3832,69042,508,232407,199,51086,1857,1326341,3804,40661,551,21122,1564,58020,8735,69808,1150,78324,5918,2253,714,64223,46220,93924,4749,46422,2977,185632,4998,57956,2670,3824042,3035,112664,2972,334971,5770,133281,3320,116323,2865,67518,1949,60509,2247,1790,423,1268,270,2754,404,3753,502,93,109,198,174,10386,875,7959,826,8614,862,6734,686,126323,3312,111752,2814,22450,990,16305,841,1191593,9203,341914,4560,353147,4746,152567,2927,144357,2815,1813,294,2264,350,2844,395,4624,433,70,59,385,193,7101,734,6022,613,12808,944,11809,927,336475,4473,348467,4692,17046,1110,13583,749,906256,7985,327214,4630,331595,4263,384280,4333,105595,2848,160294,2894,1902,288,2576,380,4088,479,4576,489,122,74,269,121,5109,769,3979,478,13302,899,15083,1097,327586,4265,379280,4314,11631,893,12402,787,598753,7740,352591,6242,343354,4019,366871,4680,57479,2218,106892,2870,1173,209,1384,225,12433,683,13809,651,152,91,24,29,3009,460,3395,527,10397,867,12473,895,338278,3963,362643,4709,10475,831,10469,710
"2","02","Alaska",734821,NA,86370,1083,450472,1711,94315,1425,54890,110,73411,4559,23395,906,71857,7592,104957,1788,56139,1959,47464,1200,85546,3717,11209,462,71429,12977,14597,1528,78575,8348,82727,2779,84649,3608,534726,1261,9723,628,27798,1273,7975,683,5230,545,777,307,227,146,4756,328,4416,379,1403,265,2467,417,306,154,192,154,913,218,456,166,1518,265,1053,219,7239,690,4766,510,2047,363,1284,210,165377,2888,45998,1384,32925,1190,3029,393,1639,325,16090,708,12824,599,5962,544,5068,517,1836,255,1406,251,1793,344,1156,248,6119,546,4281,466,44478,1368,31574,1146,4394,438,3239,422,139834,2509,44632,1770,62169,1523,50501,1393,3437,396,2633,403,7554,541,9929,554,4363,472,5113,494,890,241,893,221,1718,298,1512,331,7212,556,6735,575,59697,1430,48023,1318,5772,564,5482,432,93498,2387,53864,1713,57181,1605,62583,1412,1517,359,2034,414,1465,259,3052,331,3218,425,5557,486,126,76,235,144,934,257,991,374,4577,583,5927,600,55872,1555,60773,1437,3198,452,3691,390
"3","04","Arizona",7172282,NA,72581,450,4781702,11855,75939,515,2297513,NA,62953,821,327077,4147,58184,1559,297590,4524,46994,1114,240642,3108,95989,2640,14116,885,85240,8810,549361,10442,62291,1351,961794,13232,67367,1440,5118553,6290,148811,3825,332070,4769,142776,2638,128662,2923,10153,835,8523,733,18150,812,18423,971,6282,660,11557,850,811,198,538,151,53014,2129,45191,2038,54655,2821,52697,2191,75038,2064,64926,1721,175163,3424,161772,3139,1277037,9233,389270,4264,391082,5199,28373,1255,21317,1281,32555,1007,27124,1048,8081,780,12768,800,1946,372,1249,265,55373,2052,48930,1928,70123,2774,63189,2671,311303,3833,318408,4375,194145,3280,177100,3426,1358071,9377,466738,5380,572714,4980,625701,5197,40581,1655,38675,1462,26522,1097,34540,1134,14195,921,17796,1021,1378,307,1542,275,45201,1829,46531,1914,79028,2965,80289,2976,495722,4591,539670,4894,181800,3335,193191,3499,976029,8650,559797,5775,597810,5523,606722,5440,28954,1258,30094,1293,8287,663,13195,928,49364,1341,51283,1498,1124,247,1040,243,20481,1192,25775,1330,54317,1913,63008,2355,557082,5190,560359,5172,94285,2789,110601,2764
"4","05","Arkansas",3018669,NA,56335,422,2193348,5230,60756,630,243321,284,54771,2006,456693,2289,37395,857,16840,1020,51043,5100,47413,1302,85002,3844,11117,736,45500,17129,89782,3255,52070,2173,203476,5743,54985,2847,2233468,2576,70651,2349,168028,3429,82710,2216,72569,2402,18092,1153,19180,913,941,263,983,244,1720,291,2407,373,1264,319,962,214,11513,966,8860,729,10039,1007,8415,951,74591,2193,65527,2180,26009,1031,20502,941,775027,7345,273102,3170,252579,3572,57466,1820,48733,1723,1774,245,1879,245,2264,306,3858,418,1049,323,837,242,7526,793,5929,597,19983,1259,16896,1156,265893,3184,245473,3346,20517,1120,18089,1109,535520,5789,171681,3620,209097,2766,251434,3411,36220,1494,52595,1559,1758,312,1797,248,2393,354,3134,405,552,202,549,183,4336,566,4363,591,12053,886,16057,1009,205342,2710,247206,3379,10594,889,12107,888,334869,5356,177692,3667,187872,3180,217394,3466,18678,1316,32606,1448,885,192,833,202,8488,539,7404,543,233,130,169,125,2814,554,2371,427,10299,1015,11933,876,185205,3194,214135,3402,7500,764,7866,706
"5","06","California",39356104,NA,91905,277,18943660,30822,97859,393,15617930,NA,74517,362,2202587,9304,64513,881,394188,8220,75076,2055,5949136,10460,118815,605,150531,2498,95021,4196,6388999,35593,70612,447,5327003,32386,85219,749,26078138,28975,1202308,9335,1558633,11446,707269,7134,657155,6627,79784,2595,63124,2191,37718,1634,31222,1267,201051,3052,293891,3789,6630,628,6798,601,756253,7040,700719,7380,337015,5734,307081,5555,260208,4357,238384,4221,1549924,9814,1431168,11211,5760352,21366,1365946,10314,1289816,9561,198920,3516,166199,3094,36676,1721,31611,1155,270014,4161,313949,4810,16824,1052,15706,942,593338,6523,516532,5889,361216,5647,308752,5324,977382,8629,936526,7654,1302052,9301,1141628,7943,6364238,20970,2176986,12500,2009575,10612,2181228,11417,278531,3785,306809,4308,40976,1535,40958,1444,424858,4785,461191,5525,16457,1049,19010,949,436665,5313,455282,5930,426963,6414,446013,6080,1626787,9267,1744728,10419,1144935,8309,1229782,8480,5768873,26654,3246748,23112,2733346,14434,2723113,15459,198592,4146,236665,4263,19694,1092,24060,1171,1143670,6234,1270083,6056,10750,873,11162,1002,219963,4880,256889,3776,362580,6048,416406,6398,2505592,12298,2442291,12508,648440,9081,783367,9529
"6","08","Colorado",5770790,NA,87598,508,4393409,7884,91475,531,1273762,NA,69500,1106,233712,2900,61343,2306,57022,2874,59896,3112,185431,2398,101163,3176,8094,715,82946,13313,283146,6838,67217,2477,609976,8620,76085,1488,4267287,5985,79113,2683,194430,4327,86381,2423,72216,2302,7091,909,7413,880,3405,518,2743,392,6930,755,10623,766,483,184,182,87,29143,1526,22498,1350,25718,1653,22258,1258,48844,1542,39703,1714,92206,2452,76648,2165,928959,9184,321082,4570,286106,4268,22629,1279,16113,988,6327,592,4674,519,8412,665,11091,742,524,174,714,210,28768,1479,25036,1454,45174,2049,37558,1550,271125,4088,242986,3716,115093,2580,99367,2484,958508,7370,347324,4153,441977,4270,456170,4125,28144,1597,25124,1153,5813,615,6744,677,10217,678,13433,836,980,212,1178,247,21681,1501,21490,1115,49063,2183,47765,1671,402290,4002,409367,3855,93446,2320,101470,2374,1123225,6774,635728,6659,731016,5222,755294,4903,23380,1373,21167,1037,3599,461,4022,398,32966,1080,37330,1086,807,196,761,198,14635,1215,14687,1092,48353,1566,53672,1834,701770,4910,721405,4575,66919,1732,74984,2295
"7","09","Connecticut",3611317,NA,90213,730,2522166,6682,98855,858,627408,NA,56787,1367,385407,3664,59728,1835,9043,1059,47349,13531,170945,1584,116544,3508,1345,391,25465,8402,233926,6176,51673,2120,288485,7344,74307,3130,2646720,4889,69849,2443,126220,2550,59093,2155,51393,1891,15326,1021,15249,1175,682,248,696,284,4769,511,7026,543,42,36,98,79,22508,1313,20947,1436,12223,1191,10024,987,44321,1786,38199,1421,47827,1861,43295,1785,697177,6804,234065,3560,227317,3331,42143,1599,41341,1868,1144,299,559,160,6502,619,7843,818,335,171,211,104,25239,1910,22470,1339,22317,1482,19302,1174,215604,3334,209003,3051,59766,2637,53961,1773,523573,6092,196031,3308,207861,3024,240285,3751,33442,1592,41242,1738,872,232,851,231,6431,746,7197,656,56,58,37,33,14044,1187,17014,1117,17320,1198,20048,1236,194149,2921,222811,3766,39209,1704,47643,1565,592741,5325,441129,5785,391426,3848,438632,3930,26103,1262,38161,1676,600,196,620,160,37459,1066,39227,938,92,80,104,75,10167,856,13045,1129,21351,1439,26239,1342,380184,3710,422961,3824,30082,1616,40201,1673
"8","10","Delaware",993635,NA,79325,1227,634244,2984,86094,1746,98696,NA,66548,5182,218266,2327,58385,2598,3309,703,53632,13428,40570,755,115246,12346,365,117,NA,NA,32751,2596,66454,5038,64130,3017,68683,4393,746111,1657,15582,1226,44615,1804,18978,1181,14683,941,6829,701,6068,606,295,143,302,141,1416,427,1441,273,20,27,10,16,4256,502,2858,464,2300,367,1888,401,15385,1086,11971,863,9640,756,7044,477,228653,3805,71046,2006,69027,1813,24860,1290,24701,1137,377,121,242,131,1538,322,2365,347,30,28,23,28,3000,437,2343,365,4133,526,4444,590,68097,1923,66496,1772,7782,732,7263,565,158940,3289,60593,2010,59168,1723,71348,1998,19329,1342,24974,1196,283,116,403,142,1093,250,1844,404,25,42,27,27,1552,359,1525,259,3435,537,4528,659,57440,1649,69428,1916,4480,586,5501,571,141792,3226,95936,2553,80905,1915,92750,2205,13564,1000,22515,1290,182,74,215,95,9800,618,8901,518,72,61,35,35,1492,401,1355,370,4376,572,5195,665,78994,1881,90596,2144,4936,524,5418,548
"9","11","District of Columbia",670587,NA,101722,1569,265633,2124,160745,3253,77168,NA,94203,7735,297101,1999,57076,1993,2209,510,60390,18412,27067,736,123660,9584,420,69,NA,NA,30879,2202,68955,3768,47278,2412,108455,9525,503684,1747,9970,1078,22541,1393,1112,251,1796,383,11484,1086,12308,1003,95,69,148,127,404,134,585,237,0,33,0,33,2837,494,2712,496,962,364,934,308,353,138,647,213,4515,591,4685,619,83078,2503,3120,549,1958,314,27897,1463,32930,1605,203,157,68,46,527,206,454,111,40,33,3,6,1384,389,1737,383,1424,389,1071,223,2198,436,1456,288,3431,544,3036,487,75215,2423,14410,988,5498,597,4881,578,22849,1395,31241,1606,155,104,382,269,358,112,835,216,40,40,23,20,1123,300,1150,251,2440,496,1896,445,5016,566,4367,522,2940,437,3022,525,133678,2693,164792,2763,96872,989,94022,1038,27917,1519,38174,1655,351,148,292,124,7489,423,10889,410,74,60,181,83,3151,502,3426,559,9899,959,10795,945,91181,796,88941,809,14045,786,13099,715
"10","12","Florida",21634529,NA,67917,259,13807410,22830,72212,303,5738283,NA,62425,536,3355708,10029,51249,620,59197,3502,62507,4097,609990,3903,87205,1918,13200,1045,66269,13838,1045557,16816,57350,1170,2743467,25622,66644,841,15698796,20594,477075,6269,1019634,9604,454796,6753,408356,5886,167307,4196,158466,3004,6455,699,3779,626,21920,1298,34315,1309,566,187,663,187,83308,3195,71417,2915,133221,4439,126303,4045,291933,5161,254278,4757,372197,6103,342706,4853,4416836,27885,1382117,11333,1447220,11689,374164,6380,339923,5575,5008,514,4749,546,31157,1555,42622,1929,1251,311,1415,305,104995,3659,94875,3002,251107,5585,236196,5946,1142639,10157,1224225,9775,561633,8084,517779,7192,3363155,16471,1629163,12510,1473863,9224,1677189,9209,293630,4754,362669,5078,6024,556,5431,603,40044,1837,46300,1622,1473,293,1419,326,84918,2782,92517,2783,219077,6075,250156,5743,1262095,7361,1433214,8440,470513,7474,528626,5523,3053923,20671,1739010,16628,1792534,12644,1829411,12558,189424,4325,282706,5305,4523,626,3714,530,108038,2067,122420,1940,804,240,1271,278,71525,2912,85566,3143,249410,5582,296120,5719,1570423,10711,1570599,10146,483625,7140,572739,7417
"11","13","Georgia",10722325,NA,71355,353,5820019,8587,81445,498,1078457,399,63786,1298,3373948,7461,55010,547,37920,2768,51024,4840,465487,2788,98644,3065,7411,1145,53125,10802,378659,9956,57802,1755,638881,10809,69490,1726,7686559,8146,209254,5007,581282,8724,205756,3785,172673,4263,125813,3710,120279,3344,3977,548,3518,560,16452,1336,23980,1306,445,226,303,135,44744,2489,35326,2165,29865,1925,25508,1667,171750,3181,147252,3865,104949,2760,82687,2850,2185898,15298,544797,6258,550017,5800,345229,4954,318386,5005,3393,478,2306,377,20027,1141,26994,1273,501,212,674,258,32739,1823,25758,1775,38499,1844,33976,1799,516462,5964,527081,5629,84675,2225,65780,2340,1723284,13160,618169,7547,527089,5774,607030,6357,288776,4614,397887,5674,2415,463,2442,313,20909,1344,24498,1482,608,194,1046,329,18901,1349,20408,1453,41106,1881,45863,2320,507954,5623,586683,6150,55857,2238,59836,1999,1483980,14442,884692,11069,732795,6906,768966,7813,220968,4545,358362,5251,1468,261,1647,311,92571,1611,93426,1865,306,152,477,253,16172,1163,18420,1287,46593,2231,55536,2097,711260,6491,745945,7562,55179,2112,63019,2371
"12","15","Hawaii",1450589,NA,94814,994,333296,2170,93896,1943,159023,NA,83781,2776,28665,975,80207,5827,4210,608,61225,15704,538970,4033,100945,1601,150797,2432,77146,3830,24503,2224,79084,6600,370148,5141,96379,2669,1050736,2938,25814,1373,39343,1729,4371,466,3409,394,440,187,209,130,211,127,167,106,18023,959,24732,1080,5454,528,5528,660,1102,270,771,247,6040,669,4136,583,3795,442,2924,355,3612,463,2415,381,296179,3743,28382,1397,21826,1031,2509,421,721,204,396,118,342,136,49932,1562,54544,1519,24225,1044,20169,881,2753,517,1784,293,35314,1267,29930,1432,25814,1298,19977,1052,13998,813,11127,816,231688,3531,112715,2576,43890,1524,36711,1108,5722,460,3140,402,405,133,340,124,59603,1390,68838,1987,13434,795,14801,874,2737,487,2137,323,34519,1162,33849,1212,40985,1363,34008,1112,13761,659,14413,756,223172,3270,121825,2566,60998,1537,57166,1419,3429,389,2840,377,347,117,564,161,68488,1736,87839,1683,5956,642,6706,568,2709,460,2111,373,25110,1229,30720,1277,58482,1525,54345,1341,9827,725,11756,804
"13","16","Idaho",1854109,NA,70214,715,1574859,4460,71661,714,242236,78,60878,1811,12781,713,54727,9198,22297,1275,47393,5223,24987,1090,73235,10663,2721,422,39340,27564,83887,3660,57331,4119,132577,4233,65535,2986,1344940,2255,26558,1573,76954,2417,37198,1519,31807,1451,419,160,493,183,1775,381,941,192,685,225,1305,244,15,16,51,60,10114,836,8126,716,6199,734,4592,600,31289,1429,27095,1354,21682,1043,17099,1040,376729,5370,144311,2815,133068,2671,1406,345,468,162,2635,373,1872,272,1180,216,1781,344,395,151,115,71,7640,794,6111,712,9583,937,8613,928,138231,2821,127074,2645,19424,1044,15988,987,365200,4268,127870,2901,180227,2779,197903,2602,1486,298,520,143,2005,309,2925,359,1575,298,2310,341,175,120,300,128,5386,654,5134,651,11401,941,11828,771,174037,2642,191464,2518,15925,1018,15926,838,253029,4080,118600,2902,163718,2826,168138,3214,1133,265,385,118,857,168,1237,223,4034,432,4461,500,230,125,299,121,2251,324,3069,480,7847,788,8564,745,160410,2726,163926,3088,7984,620,9830,819
"14","17","Illinois",12757634,NA,78433,297,8388659,12338,85060,373,2275704,252,70419,798,1774605,5030,46717,594,55819,3377,70669,4431,738071,3727,106279,2213,5476,787,69227,20659,842553,12766,68631,1176,952451,14010,73673,1248,9143765,9245,255816,4324,506324,6075,212367,3761,190447,3120,72763,2225,68589,2350,5260,569,4578,415,17961,1155,28601,1326,493,302,192,83,92495,2889,78476,2463,48992,2207,41522,2060,151437,2824,137500,2599,201395,3327,172567,3001,2390572,13671,777205,5990,756956,5222,171586,3154,161098,3260,5138,570,4607,511,24716,1232,29602,1268,318,133,528,156,85012,2517,70367,2455,71398,2537,57375,2052,708554,6107,698243,5244,213199,3443,174281,2888,2058692,10372,766954,7173,829264,7039,893081,5607,172429,3280,240706,3225,4920,572,3867,419,35591,1461,38639,1708,560,197,606,171,52087,2221,53960,1760,64960,2146,69654,2190,775980,6648,836267,5488,150653,3076,156164,2596,1972766,12420,1192641,10134,1136060,7985,1226893,7906,109346,2996,168767,3248,3142,446,3347,420,170979,2097,177691,2435,397,131,548,171,30800,1631,38654,1665,65806,2309,75020,2566,1096990,7487,1180679,7380,104750,2803,124304,3012
"15","18","Indiana",6784403,NA,67173,383,5426227,5342,70740,396,510984,218,59341,1688,640752,3732,42067,797,12465,1240,56868,6872,168899,2235,78490,3148,2490,372,61707,8342,187740,5535,57548,2852,345830,6359,59959,1967,5009620,4332,140345,3502,351088,4916,168076,3357,155467,3364,26242,1249,26292,1510,896,219,578,213,8337,787,8878,722,190,90,91,56,19947,1280,14748,993,12161,971,11351,946,155045,3018,145902,3059,41609,1559,31395,1325,1691384,10165,640663,5616,622337,5013,74093,2024,62558,1877,1376,243,1331,257,6458,766,7904,723,339,131,198,104,19002,1108,15817,1143,23452,1458,20290,1137,626052,5559,608781,5015,44770,1527,38459,1398,1105335,7731,426436,5446,511979,5409,579756,4872,53215,1732,74293,2047,1207,209,1215,248,5443,634,7297,731,163,92,343,128,10839,893,9994,900,21871,1268,25756,1446,501905,5278,567157,4922,28573,1564,29832,1395,854422,8928,440610,6152,517119,5895,567223,6076,31295,1523,47743,1991,590,159,912,206,30098,936,28846,1114,128,71,71,43,7355,760,6950,691,18947,1186,22371,1250,508869,5740,557439,5825,21999,1152,24340,1170
"16","19","Iowa",3188836,NA,70571,395,2769619,3328,72363,406,208637,112,58899,1621,120619,2315,40592,1874,10111,705,45000,4804,78940,1362,79307,5579,4582,267,53384,12823,54569,2975,62382,3648,150396,4043,58905,2228,2368945,3101,44663,1329,110422,2433,57384,1186,47835,1299,5745,557,4684,466,726,145,398,109,4412,465,5518,575,423,103,153,71,6165,719,5164,546,6169,730,3869,509,49924,1219,41268,1271,18357,892,14264,716,728940,6807,315943,3486,279011,3393,13395,948,8893,718,992,150,968,163,3923,546,4126,501,402,93,439,245,3985,525,3781,432,9339,789,7595,606,308896,3502,273546,3405,14790,871,12430,701,548207,4456,276508,3806,295214,2938,330381,2983,10904,835,10433,736,1014,217,1050,170,3581,495,4563,506,248,104,382,139,3400,466,3043,398,9466,754,10757,734,289261,2931,324473,2931,12530,795,12477,692,458666,5636,201539,3464,273227,3925,313877,3687,6429,635,5634,539,314,98,516,129,12305,821,11160,694,174,134,108,51,2615,481,2218,356,7515,663,9237,755,269554,3824,310186,3627,7659,610,8013,537
"17","20","Kansas",2935922,NA,69747,479,2341473,4694,72357,547,369970,116,57773,1454,163581,2142,46145,1841,22015,1462,57098,9192,88513,1686,85774,3925,2729,472,75651,19599,102461,3840,54903,2131,215150,4761,59279,2466,2126123,3183,44906,1814,107080,2391,54251,1759,44382,1479,6485,606,5142,496,1447,314,952,207,3642,450,4926,443,97,48,143,78,12519,920,9487,725,7708,740,7188,662,40912,1565,34515,1316,32559,1295,25071,988,567651,5968,212060,3095,194903,2631,16858,982,13656,1004,2279,341,1566,255,4313,514,5426,520,290,147,201,93,9526,770,7379,667,13985,889,12291,839,201037,3041,184233,2712,27915,1215,24583,1130,538044,4608,189431,3176,243340,3444,267068,2733,18945,924,18406,927,2104,296,2541,317,4405,514,4879,469,314,131,348,146,5886,605,5761,619,14886,860,16270,976,232792,3323,255692,2746,22315,1125,24169,900,438117,4744,240894,3692,275094,3330,305211,3433,10813,825,11864,802,1040,191,1368,279,14789,661,14732,682,82,66,84,57,3533,517,4499,589,11809,905,13347,846,269739,3282,298862,3179,13518,996,14880,833
"18","21","Kentucky",4502935,NA,60183,443,3816997,3010,62242,487,180481,420,54128,2019,360184,2867,44196,1118,6821,595,38021,9085,69187,1134,81126,4818,3805,665,56250,11407,56352,2671,51179,5715,189589,4038,51684,2576,3398223,2933,131472,2988,254740,4065,163468,2683,140208,2945,14294,901,13376,1052,537,159,296,94,2950,461,4469,518,244,132,223,123,5706,610,3628,499,7565,781,6483,713,158841,2564,136607,2752,14385,1015,10302,828,1141215,7836,461523,4564,427487,4366,40421,1730,33395,1329,752,226,438,128,2860,431,3261,372,231,123,297,110,5176,578,3284,441,12578,897,11567,718,456173,4732,423178,4248,14231,912,11331,803,752571,6999,287440,4203,345056,3861,421771,4725,38072,1417,42940,1576,758,196,671,136,2726,297,4022,539,495,184,161,83,2605,429,2728,525,12081,908,14367,836,341000,3870,417265,4643,10565,844,9881,775,505569,6179,325216,5344,330862,4071,384619,4647,18964,1023,25347,1369,376,118,322,115,12639,716,12195,703,66,46,122,98,2365,433,2716,405,10032,861,11314,813,326817,3927,380488,4587,9948,750,9753,760
"19","22","Louisiana",4640546,NA,57852,468,2758714,4534,70270,651,255584,461,58003,2088,1464582,4710,37015,576,24952,1243,56544,4666,80363,1470,73105,4578,2361,708,75293,40246,84387,4182,50297,3711,225187,5541,58821,3192,3458799,3400,126362,3576,320264,6195,111815,2774,90144,2917,87159,3016,74919,2181,3032,427,2085,266,4599,572,6202,602,42,53,15,19,8507,881,6775,786,11157,1048,7903,765,104576,2673,85687,2942,22952,1278,15020,965,1153907,10209,321369,4636,312211,3928,168561,3558,161615,3425,3303,624,2118,303,4772,594,5586,621,80,51,136,71,7991,812,6575,830,17588,1402,13553,970,311946,4598,305843,3881,24777,1191,17944,834,804060,8801,224765,4195,256634,4309,282889,4249,109284,2861,157684,3122,1903,285,2375,388,4635,508,5157,530,279,159,502,298,5389,738,5370,710,14659,1205,19005,1269,249800,4234,276557,4198,16992,1127,17245,952,541905,7916,287536,4572,270309,4062,316412,3904,55400,2420,104623,2974,829,194,1241,249,12951,783,12822,749,318,261,213,155,3647,805,4061,592,14649,1032,18094,1147,264417,4002,310127,3768,15759,1084,16991,961
"20","23","Maine",1366949,NA,68251,611,1261284,1965,68783,626,25898,NA,65650,6741,21775,902,53407,4078,6722,453,51797,11765,15071,681,66291,7332,265,82,104310,19108,8128,1022,63554,5419,53704,2341,60214,6091,1095863,1268,19315,1100,49202,1643,30654,1306,22788,929,872,195,952,231,257,78,176,53,587,191,875,185,11,15,3,4,206,90,179,78,1240,242,960,232,30284,1304,22613,931,910,195,448,130,346344,4416,155485,2669,140133,2326,1712,301,1090,210,927,149,671,112,769,207,1029,181,53,36,40,31,588,149,333,114,4834,836,3931,476,154524,2670,139446,2315,1966,336,1457,245,225690,3308,106526,2714,128720,2537,143915,2677,2033,294,1045,271,777,152,766,144,813,188,1503,300,7,9,35,30,684,233,949,279,4724,490,5373,483,127746,2518,142981,2689,2297,331,2313,285,223090,3531,125696,2512,142982,2804,179465,2328,2310,362,1359,262,424,115,429,102,1971,296,2721,362,4,6,46,42,1085,292,889,211,3944,481,5633,615,142044,2745,177807,2303,2255,338,3026,237
"21","24","Maryland",6161707,NA,98461,511,3154247,6642,109387,644,672905,NA,86721,1479,1841926,4946,79161,929,18343,1354,73253,9236,399736,3192,123123,2834,3120,847,137725,55218,355402,7838,77943,2019,388933,7638,101100,2631,4411238,6238,96123,2400,236330,4205,74871,2469,66218,2073,53999,1966,53850,2099,1866,328,1254,240,11470,924,17828,1039,121,78,97,60,47351,2001,33717,1288,11601,1271,9674,784,62967,2094,57015,1976,68793,2026,50312,1445,1100393,9298,264428,4006,264007,3909,183734,3506,173769,3012,1690,298,1688,318,14605,1030,18237,969,329,147,198,74,29268,1682,24634,1391,18396,1347,17741,1206,253398,3877,254138,3731,49017,2206,41903,1476,916258,7613,301496,4107,260681,3879,297074,3883,163414,3162,216388,3396,1774,343,1346,286,18115,1012,22868,1331,433,174,228,122,15623,951,17549,1202,22585,1243,26630,1364,249679,3749,286490,3679,35861,1456,37580,1503,969504,8817,791134,8582,525419,4605,554486,4578,167717,3648,243522,3623,1338,318,1756,329,89683,1741,94573,1725,593,226,326,110,14325,1075,18402,1186,38774,1749,47832,1722,511259,4522,539159,4249,42698,1623,50182,1604
"22","25","Massachusetts",6984205,NA,96505,551,5075525,7921,102701,606,879296,NA,59292,1500,498785,5555,67044,1814,14740,1295,60146,6823,487600,2847,118767,1847,2766,450,83090,44411,347501,8330,58832,2237,557288,7733,73075,2175,5117162,8500,149446,3477,238753,4685,116396,2932,103882,2741,18792,1241,23212,1347,1193,320,848,244,19916,1008,26709,984,95,116,94,84,32481,1863,29956,1591,29251,1930,28762,1705,97911,2531,85735,2357,71667,2394,65226,1862,1216750,9361,443195,4692,413897,4331,43614,1639,40192,1575,1649,321,868,209,19366,1366,22335,1269,213,120,251,164,37222,1820,30782,1508,38138,1413,36177,1790,421039,4734,395450,4319,76367,2032,67240,2021,927535,7739,376813,5140,386203,4167,471179,5305,46149,1431,51073,2049,1342,268,1498,304,15527,1112,19248,1143,217,130,217,131,19821,1447,24213,1206,29078,1650,36039,1695,371638,4099,451117,5149,48192,2084,62345,1798,1274331,9159,933534,9124,855286,5352,950575,6739,46535,1753,50263,1641,1063,240,1329,263,104697,1491,108085,1781,364,202,377,167,17690,1125,23058,1291,45528,2006,53961,2150,839404,5238,929063,6509,50264,1720,62511,1874
"23","26","Michigan",10057921,NA,68505,307,7617085,6890,73039,332,550427,NA,60514,1250,1363539,6271,42171,541,45662,1658,53373,2451,327551,2592,103758,2409,2780,385,67991,39201,157999,5095,56788,2447,543305,8232,64008,1795,7633287,5291,157636,2923,470988,6388,201982,3150,176081,2983,56559,1819,52271,1774,2662,343,2235,286,9078,731,13370,768,156,75,164,135,13778,987,11855,992,17956,1055,14255,793,188959,3009,165800,2870,37552,1553,28895,1037,2240187,11944,786585,5664,768737,6250,152786,2658,132916,2853,5707,404,4654,324,10615,748,14322,985,259,126,225,106,13366,950,12615,1132,36738,1545,31093,1652,769761,5557,753521,6149,44288,1393,38578,1360,1895404,9294,711240,7130,850982,5034,914442,6475,134406,2939,188118,3154,4700,331,6228,356,12469,734,16051,875,342,125,216,91,10010,794,11812,936,39459,1467,45833,1767,835660,4987,897789,6369,35131,1310,38720,1370,1359657,9119,798175,8511,848766,6208,903519,6752,62250,1871,102309,2639,1639,195,2432,289,75459,1219,67450,1411,401,128,324,122,10294,950,9116,858,34753,1381,41639,1693,836383,6039,888903,6527,30678,1373,34237,1302
"24","27","Minnesota",5695292,NA,84313,348,4537219,4806,87692,398,327049,74,68240,1609,382082,3667,49738,1516,51434,1537,45289,2831,286146,2248,97976,2296,2324,324,45000,17748,133098,4429,65095,3768,302989,6104,73669,2698,4206890,3444,79341,2217,178175,3121,77738,1813,54898,1413,15724,996,22894,1315,2688,290,2748,313,13039,736,17578,923,145,79,112,37,12455,997,10097,718,7384,703,5725,527,70196,1555,49534,1359,24853,1176,18374,835,1036068,6518,409742,4055,363289,3035,30989,1556,24012,1286,5513,362,3922,300,15310,877,14132,920,481,146,108,49,12070,890,9323,714,15489,996,13715,912,401608,4049,357056,2965,23920,1112,19756,925,937958,6035,477692,4257,516742,3680,542330,3820,35647,1475,33303,1322,4743,391,6048,400,18289,969,17527,887,211,70,300,148,8135,824,7298,613,20328,1025,22331,1085,509769,3552,533980,3846,19721,1029,20907,1096,1007372,6828,490284,5511,610278,4986,677244,4018,26419,1387,22150,1277,1813,272,2419,306,38938,1101,42799,1302,98,62,144,64,6674,636,7175,673,20237,1007,23452,1175,602799,4904,669748,3941,18336,999,19034,978
"25","28","Mississippi",2958846,NA,52985,527,1685024,2428,65518,884,97123,866,48652,3036,1101836,2857,36263,592,12777,859,44258,4520,29041,981,73869,6606,1200,432,NA,NA,41764,2450,47137,2726,87204,3402,48435,2675,2232895,1550,86675,2516,211507,4896,70816,2140,55843,2132,67089,2113,57765,1749,966,250,910,234,1020,272,1754,283,21,31,42,38,4398,590,3234,470,4405,667,2836,404,68201,2232,53676,2080,9246,731,6712,608,673826,6688,174367,3355,166482,3022,116556,2399,105971,3063,1183,250,812,194,1468,358,2577,363,115,67,154,96,3306,420,2381,393,6032,630,5378,625,171824,3333,164501,2959,7872,708,5527,545,538860,6084,237871,4216,182305,3383,209560,3067,90726,2707,131921,3206,1217,242,1639,289,2004,339,2104,357,42,44,142,160,2771,537,1783,327,6866,867,7290,662,180180,3367,206761,2968,6270,708,6786,654,302722,5434,181434,3377,148195,2890,177607,3260,38448,1881,82689,2662,302,135,429,146,4197,446,5053,516,59,59,170,174,1745,468,1666,375,3920,616,5591,569,146728,2872,176458,3285,3901,537,4156,592
"26","29","Missouri",6154422,NA,65920,361,4884165,5123,69547,368,280078,253,58288,1945,693892,3450,44293,905,17559,990,51107,6188,127044,1794,89367,3078,8831,523,67441,13174,91703,4077,56391,2456,331228,6239,57933,2216,4666685,3166,107976,2771,296863,4304,142760,3046,128583,2466,25856,1333,25052,1366,988,211,987,201,2971,370,5418,458,372,112,328,116,7494,757,5512,591,10282,819,8360,681,137625,2961,122855,2342,17150,1028,14664,911,1453142,9530,544517,5071,509431,4884,77265,1778,73233,2157,2002,219,1777,254,4581,513,6765,527,793,159,810,223,7783,782,6121,652,23094,1342,22261,1068,536308,5001,502596,4936,21488,1000,18726,950,1098337,7369,376497,5444,475249,4358,538174,4302,61855,1948,87272,2409,2000,314,1649,223,5692,650,6811,598,994,201,652,192,6709,715,6042,554,23321,1304,27455,1220,467873,4318,530244,4237,18970,1053,19455,789,846936,8125,486934,6548,521572,5284,585413,5192,34750,1653,54276,1684,1190,217,1221,186,26936,841,27149,900,312,148,634,148,4978,541,5409,572,20597,1230,25401,1233,514262,5065,577851,5003,16577,991,17321,870
"27","30","Montana",1091840,NA,66341,748,943827,1994,68005,751,45881,176,54890,2850,6026,642,50676,5142,63493,1185,39077,2577,9211,560,62390,11628,681,274,55000,41126,11592,1402,69964,18098,57010,1820,59100,3927,849900,919,13494,863,39650,1750,18927,1065,14159,960,310,116,130,78,2617,297,2334,324,209,93,358,146,2,3,17,17,417,127,383,113,1206,206,812,167,18374,1084,13609,952,1557,232,1179,243,245999,3611,99905,1829,86458,2012,434,143,270,135,6843,456,4925,433,385,139,798,271,60,38,40,38,950,238,1243,332,4239,487,4388,438,98207,1775,84903,1925,3804,372,3554,355,208897,3009,76723,2279,106100,2244,112605,1947,806,193,316,132,5825,478,7001,461,526,144,964,213,75,54,185,59,1039,264,1392,330,4926,475,5994,560,104724,2185,110374,1959,3801,329,4675,394,179052,3228,86085,2354,114569,1916,121922,2231,415,147,464,153,1988,337,3243,324,1875,245,1784,300,23,25,40,49,1509,375,621,187,4196,472,4978,483,113684,1944,120559,2181,2845,415,2857,378
"28","31","Nebraska",1958939,NA,71722,577,1603239,2656,74157,574,230769,138,61091,1661,93555,1741,45287,2534,18550,1143,51824,8383,48874,1114,80914,4103,1318,338,49063,27873,69315,3006,62185,3328,124088,4127,62606,3200,1405396,2142,30256,1177,65703,1888,33808,1312,27625,1111,3433,374,3831,495,1147,218,988,214,3568,438,4418,417,67,46,108,92,9070,760,5390,455,5907,699,4937,622,26129,1155,21277,886,22306,941,16381,879,368553,3962,143876,2061,132626,1960,9989,566,7185,682,1397,234,1331,180,2181,333,2869,356,105,77,90,56,5553,572,4551,477,7502,654,6618,663,137559,2047,127027,1838,16936,989,14012,690,351552,3723,148199,2447,182549,2532,189995,2419,9512,565,9835,758,1797,265,1834,263,2399,410,2193,361,66,45,147,86,3981,539,3680,475,7090,612,8607,628,177955,2399,184345,2354,11763,782,13609,724,296785,3560,144348,2722,180515,2517,203166,2320,5734,579,5875,622,501,156,761,150,6744,475,6864,404,63,63,54,49,2347,472,2569,314,6764,521,7473,673,177101,2443,199443,2211,8049,698,8692,594
"29","32","Nevada",3104817,NA,71646,495,1732783,7417,77786,748,918509,NA,64732,1105,290223,3521,48022,1321,40745,2239,55913,2878,263063,2475,80103,1954,21884,919,69207,6508,360620,6110,60751,1411,395499,7231,71400,2292,2150275,4762,63951,2144,149166,3194,57641,1628,53397,2137,9003,703,10026,933,3296,455,3157,425,7479,730,11754,795,578,221,786,213,43513,1679,38200,1644,20903,1342,18782,1144,35220,1465,31632,1575,86828,2256,78666,1845,631486,6124,180915,3442,168847,3019,32911,1443,27288,1294,4616,486,4107,420,17879,1177,22352,1095,3037,393,2502,346,36591,1674,31693,1402,31682,1748,30103,1528,155166,3057,142992,2581,86527,2106,79157,1988,570168,5774,187589,3489,226440,3014,224445,3162,34885,1708,37070,1559,4460,389,4528,386,26939,1203,31798,1384,1947,386,2601,334,22931,1256,23336,1245,31943,1478,36123,1662,204304,2862,202415,3049,64434,2067,65830,1516,359642,5549,188273,3522,197146,3293,184079,3190,17121,1180,21131,1184,1698,296,1671,330,36072,1436,48003,1497,1228,280,1423,313,9655,814,10747,763,18693,1237,23336,1292,185527,3170,171983,3048,30535,1450,34151,1385
"30","33","New Hampshire",1379610,NA,90845,966,1241594,2540,91394,986,58654,NA,73480,4105,20920,1078,72946,5178,2070,384,66667,21860,36352,969,106813,10777,348,197,NA,NA,15009,1441,77093,10541,63317,2709,80512,4930,1093456,1632,17868,1359,50835,1926,30328,1352,21998,1162,1037,301,848,292,181,99,104,54,890,290,1372,233,6,10,0,28,803,251,810,281,1729,343,1618,358,28583,1341,20952,1146,3827,435,2784,424,307420,4768,131537,2245,119335,2525,2532,392,1483,316,274,86,137,62,1592,295,2698,430,43,52,5,8,1776,381,917,266,4779,568,3866,464,129596,2242,117503,2552,5132,625,3711,460,218177,4017,104697,2397,118871,2304,136494,2750,2467,419,1140,323,221,115,198,109,1479,319,1949,348,17,18,103,108,1156,273,1472,327,4478,524,5162,550,117386,2254,134597,2754,4135,516,4579,500,245026,4187,149433,2981,170668,2515,185393,3009,2123,400,1251,275,103,54,213,137,8351,496,7325,616,34,28,29,29,1309,298,1485,334,5150,587,6014,556,168987,2521,183197,2929,4129,498,4676,476
"31","34","New Jersey",9249063,NA,97126,605,5528604,12036,105392,638,1963423,NA,70220,869,1213265,6398,65351,1017,29780,2441,79787,8585,913364,3807,146386,2327,2554,440,100703,60218,768606,11844,65515,1530,792890,12698,82144,2073,6420959,8912,184346,4176,303063,5351,133001,3295,125621,2966,39896,1823,45190,1917,3468,800,2210,428,18829,1084,28373,1343,88,54,202,97,72425,2671,63884,2281,35793,2108,32761,1604,89068,2651,86070,2348,152389,3872,134872,2758,1701735,12255,504192,5416,551280,5420,139992,3306,127664,3240,3249,417,2403,428,26139,1367,34428,1623,164,94,116,62,81741,2735,72848,2529,68317,2926,62092,2386,442055,4853,494761,5290,199713,3877,177798,2964,1205639,8950,441229,5566,441228,4776,466364,4358,104564,2256,136647,2593,2132,382,1924,343,35192,1640,39403,1607,331,127,330,142,49003,2287,52248,1714,49844,2060,55859,2343,397860,4331,417101,3912,130648,3058,143823,2501,1621116,11287,963831,10002,874929,6770,924009,6458,89802,2628,131232,2629,2054,391,1980,319,234456,2196,230439,2384,256,126,295,123,35721,1580,45147,1774,65623,2291,79625,2454,833165,5942,871529,5944,117525,2975,145772,2608
"32","35","New Mexico",2112463,NA,58722,581,1250614,8106,63910,842,1051626,NA,52123,766,44894,1437,48987,3932,198140,2279,42232,1675,34400,1028,76240,6244,1849,431,78558,46123,233978,6431,46465,1550,348588,6966,55285,1639,1538095,3493,52522,2231,119744,2859,44299,1831,39659,1601,1364,284,1158,242,10792,603,11850,688,1141,286,1560,277,17,32,54,48,21437,1498,19489,1303,17900,1372,13939,1099,15901,1042,12218,828,67649,2200,60935,2046,421546,5782,110306,2467,100352,2463,4010,539,2172,379,22264,913,18955,927,1580,352,2131,357,187,76,92,62,27952,1690,23097,1226,30120,1602,28849,1671,62963,1929,57112,1588,104297,2468,93561,2442,391275,4624,136361,3087,136286,3038,152290,2787,6319,626,4786,467,20899,910,25563,990,1792,291,3184,395,227,162,354,134,19171,1315,22374,1355,33537,1764,33496,1757,93870,2610,102065,2188,91057,2507,102344,2642,236814,4070,179833,3690,144850,2581,163633,2821,4768,570,4205,385,4831,464,9525,805,6334,481,7050,527,175,121,198,125,9324,872,11787,1013,22324,1542,27900,1593,120011,2273,130922,2046,51996,1916,67490,2142
"33","36","New York",19994379,NA,81386,350,11749652,14482,90866,395,3895714,NA,61135,647,3011116,11329,58805,605,93384,3470,59483,3843,1767598,4880,91254,1322,9120,1016,57817,11431,1878496,20691,55421,1042,1485013,17432,74254,1491,14187231,14576,567968,7169,873060,8827,328747,4585,296628,4755,148890,3288,160323,3295,8701,948,7266,743,111252,2787,141459,2791,598,204,399,159,196034,4999,194642,4333,73409,2622,72439,2681,258604,3906,228027,3945,335729,5957,333905,4679,3573064,18654,1025966,8508,1047349,7317,311864,5464,316194,5104,8961,677,7340,677,106947,2663,112290,2583,1126,341,853,236,181568,4314,166650,4398,109359,3592,97925,3233,940388,7874,967048,7382,352675,4979,317753,5092,2581538,12948,1273771,9778,1020608,7223,1068286,6757,259515,4147,325455,4420,7895,728,8440,717,84882,2117,88528,2542,851,275,1039,203,125155,3819,135582,3522,107402,3534,113576,3554,949805,6690,990631,6378,274092,5083,301195,4359,3082616,16938,2235214,15832,1791867,10666,1975417,10711,208735,4024,322160,4566,5443,732,6434,632,291552,3408,329552,4286,470,175,681,233,91085,3122,119715,3186,131399,3792,164905,4123,1718237,9469,1883796,9513,235637,4830,305936,4689
"34","37","North Carolina",10470214,NA,66186,380,6800458,6981,73675,499,1051008,247,55935,965,2192455,6342,47088,452,109600,1885,43180,1978,325670,2322,107025,3014,6948,613,62628,12656,421954,8590,52553,1424,613129,9469,63128,1760,7734317,6619,191605,3788,520834,8122,225722,4785,174960,3403,93113,2700,81959,2452,10135,786,7067,589,10786,879,15535,954,243,110,152,78,51585,1933,39897,1590,25887,1689,21098,1359,194696,4377,153341,3193,104542,2434,78979,2067,2041344,12741,598363,5813,583999,5466,233483,3727,213710,4018,12043,718,10665,498,12019,853,16570,1090,619,182,651,202,31270,1652,24898,1310,34901,1630,31215,1565,577551,5691,564050,5370,70923,2354,60546,1906,1789299,10947,762472,7495,699478,5719,811658,6014,207332,3666,282298,4723,8501,560,12239,568,13711,937,16518,896,809,257,786,214,19811,1230,22047,1387,39289,1901,46200,2026,680545,5515,789526,5943,54534,2050,61556,2111,1579418,12027,849345,10718,859688,7192,962073,7359,126480,3536,218056,4098,3655,420,6373,434,68030,1661,66488,1532,475,166,678,196,14005,1200,17757,1198,38495,1436,46637,1922,844484,7018,942186,7147,42600,1893,52247,2284
"35","38","North Dakota",776874,NA,73959,1131,656425,1620,77950,964,33189,136,55249,6420,25233,836,49369,6293,36284,789,43816,4023,12474,544,59654,14506,1459,551,31103,12246,10705,1150,46035,6651,34294,1937,63496,6265,575817,1092,12419,859,25741,1258,14472,993,10027,655,640,224,1032,233,1548,236,1344,221,387,182,669,173,0,24,122,91,793,297,652,393,609,155,612,179,14150,1009,9757,670,1469,316,1241,433,152097,2566,63281,1517,52879,1288,1756,317,1508,348,3277,342,2296,265,546,165,546,164,182,114,107,75,1179,267,793,191,2114,355,1673,242,62597,1497,52085,1235,2832,400,2134,325,143045,2391,77750,1888,83320,1827,76457,1413,3574,479,1711,310,3202,295,4358,364,593,177,592,168,104,87,141,79,687,173,1293,358,3137,409,2949,442,82205,1793,75588,1425,2562,389,2810,399,121367,3001,43398,1730,65434,1927,77815,1493,2163,392,1293,351,922,167,1781,255,2208,325,2354,270,123,107,0,24,667,253,563,191,1801,344,1970,365,65013,1895,77070,1470,1502,314,1428,285
"36","39","Ohio",11774683,NA,66990,272,9281702,5406,71843,263,494625,177,54928,1237,1449450,6587,40499,490,17094,1191,40007,4629,283278,2804,94375,2927,4037,650,28849,25480,157485,4283,52162,2514,581637,8923,55999,1618,8948188,4834,205425,3563,577019,7047,258444,4085,235583,3854,59754,1823,58699,1998,1489,350,1081,201,11088,849,15515,987,152,91,186,111,13856,1043,9978,850,16141,1133,14438,1151,247641,3990,227479,3933,32286,1462,23835,1236,2972005,16436,1109707,7306,1079690,7169,161583,3545,143183,3290,2182,287,1645,234,10582,866,15058,1075,378,144,383,130,14931,1104,12067,948,40358,1821,34110,1553,1094151,7231,1066511,6956,43751,1543,34729,1480,1954299,9369,750329,6998,873539,5373,985860,6102,137264,3035,184573,3134,1959,323,1754,310,10840,955,12585,772,247,118,473,178,11053,1036,12546,1017,37712,1854,45713,2181,861290,5314,971293,6179,30976,1406,36671,1459,1585308,11306,903803,9945,986011,8201,1087110,7854,72730,2551,104917,2444,859,190,799,175,59695,1522,56497,1469,478,252,280,108,8062,680,8947,795,32505,1408,40435,1560,975672,7972,1074429,7833,26872,1317,30754,1422
"37","40","Oklahoma",3970497,NA,61364,451,2716667,4336,65469,576,458686,NA,53453,1105,284453,2356,42145,937,298628,3170,55468,1004,91720,1471,68356,3756,7313,490,38304,13360,124427,3364,52104,1459,447289,5027,54834,1109,2884230,3018,71391,1763,221211,3032,93093,2134,83971,1862,10138,765,7383,666,12610,566,10680,601,4549,424,6443,422,605,269,473,228,15736,868,11632,812,17329,792,15051,858,75334,1954,71420,1591,43822,1097,33351,1020,917131,6292,298151,3001,287038,3074,32014,1217,26797,1100,34995,1041,29294,804,5112,448,7093,505,517,162,816,263,12151,742,9745,667,34248,1147,29183,1023,283407,2909,274104,2981,37397,1250,31579,965,717239,6840,232538,3544,278285,3201,317321,3237,29566,1217,33309,1175,24547,843,32307,810,5305,517,5813,483,627,246,372,93,6481,686,6339,512,32763,1112,36655,1216,269148,3051,306469,3190,23696,1029,24536,933,484194,4846,240526,3233,269047,3123,289894,3044,17381,1110,21446,1110,12862,602,19227,745,12179,697,13821,601,238,103,337,150,3205,473,3902,388,22829,873,28370,1107,263131,3005,283801,3048,14025,771,14966,809
"38","41","Oregon",4229374,NA,76632,539,3328095,6793,77627,641,583066,NA,66054,1342,79593,2067,56124,4078,46880,1937,60194,4036,187852,2598,100547,2776,17139,765,86480,9204,180534,5431,65830,2311,389281,5715,69351,1721,3177375,4655,59215,2099,171712,3568,88970,2587,70744,2103,2251,435,2440,427,3166,523,2128,353,6445,572,9593,700,523,146,691,227,21476,1434,14382,943,16522,1388,13971,1093,71653,2169,57462,1987,52177,1930,38828,1506,758821,8051,284040,4049,273267,4554,7880,689,4357,514,5353,530,4518,474,7899,707,10189,792,1938,367,1876,398,15352,1258,12404,890,25271,1530,19718,1222,269370,3807,260016,4387,44216,1734,34252,1449,849500,7592,284777,4394,408959,4488,442342,5340,9619,796,8258,853,5557,472,5395,558,12175,820,14729,877,1612,269,1706,331,12574,955,11635,812,35119,1643,37893,1754,393216,4240,424056,5221,40482,1781,42252,1412,665932,7084,387418,5476,426604,4741,461635,5153,9003,678,7749,904,2458,387,2473,376,34717,1199,38617,1287,1221,316,778,223,6836,714,8692,913,28424,1440,34952,1739,415938,4531,448837,4953,26463,1418,32183,1427
"39","42","Pennsylvania",12989208,NA,73170,347,10010379,9523,77962,336,1055108,51,55042,1324,1407814,7119,45944,674,20570,2081,55137,6838,473192,3029,94475,2295,4256,684,44057,6410,405422,8833,46484,1191,667575,9984,66778,1466,9949674,5570,237306,4067,581141,7040,256400,3663,234735,3689,52473,1807,52872,2284,1773,359,1421,273,21200,1158,29659,1221,236,145,291,134,39389,2157,33638,1781,19373,1435,17734,1079,235370,3612,217468,3522,75391,2487,64359,2092,3394258,14695,1245460,6770,1256915,7164,171382,2548,160292,3309,2230,328,1897,347,21195,1215,24331,1286,323,139,420,118,42327,2308,37285,2160,50647,2059,44040,1887,1215693,6702,1230551,7361,99603,2658,84878,2239,1796609,10125,835363,7027,840319,5482,928436,5317,122626,2929,154599,3455,1487,260,1537,234,19169,1129,21185,1081,303,114,450,227,22319,1510,26137,1810,39731,2017,48529,2280,819457,5189,904551,5192,61692,2195,70702,2216,1927450,11660,1177547,9971,1233609,8167,1332643,7890,78389,2243,111949,2669,999,207,1390,265,92476,1439,92942,1777,361,161,457,157,17606,1281,20205,1290,44492,2068,53800,2131,1214778,7800,1309515,7623,51268,1968,61939,2222
"40","44","Rhode Island",1094250,NA,81370,1213,816308,3655,86467,1483,183196,NA,53015,2532,67615,2153,61614,4455,4072,889,60840,17617,37881,958,101293,12616,761,336,NA,NA,75669,3506,49558,3523,91944,4123,63797,5006,824516,2733,25647,1527,47646,2021,24339,1430,24052,1401,3065,533,2831,505,417,179,256,130,1158,242,1782,298,0,34,42,56,8390,737,7302,780,4469,606,3832,512,21392,1313,21206,1295,14842,954,12466,913,227121,4018,79261,2053,79730,2218,6659,663,6382,755,359,151,299,175,1932,412,2346,382,121,122,40,61,7507,924,6214,756,8022,1070,8339,1016,74208,1950,74111,1928,17917,1168,17409,1410,176969,3060,65813,2184,74097,2134,87224,1911,6670,636,5971,675,241,183,496,210,2349,415,1978,351,67,70,152,97,5201,792,5156,665,5834,830,6877,746,71268,2140,83717,1758,10935,931,12650,908,172737,3417,108583,2491,112651,2371,124481,2110,5383,652,5025,745,112,83,300,151,6836,490,6941,592,46,57,35,46,2796,509,3498,553,5421,693,6300,693,110124,2356,121898,2040,7587,743,8899,896
"41","45","South Carolina",5142750,NA,63623,486,3342861,4772,73204,614,318875,142,54823,1870,1326209,4885,42672,786,15617,1540,46606,4504,85834,1646,85650,5183,2722,439,66382,32227,123269,4687,49872,1996,246238,7014,61519,3109,3905589,3278,97304,2659,303173,6168,104157,2956,92444,3163,68036,2185,63101,2144,1756,369,1094,265,2784,433,3144,384,122,94,207,114,14904,1172,9531,840,9621,930,8302,990,97112,2670,86879,3056,29571,1304,20047,1130,1142672,9205,315798,4589,318455,3918,159694,3006,153619,3676,1600,232,1499,241,3834,528,6318,585,267,113,236,109,10812,1009,8678,735,15869,1153,14876,1142,307756,4525,311735,3925,26549,1402,21518,982,885469,8844,373028,5126,343645,5078,400103,5146,108714,2717,159776,3301,1368,245,1355,247,4140,495,6971,646,297,130,258,155,7291,1028,6173,809,15744,1071,17958,1324,337396,5031,392992,5072,17815,1126,18470,1026,701294,8330,402649,6939,409578,4978,442195,5213,56612,2361,102028,3178,616,139,730,161,16246,825,16280,794,108,80,68,46,6020,949,5701,795,15348,1138,17240,1082,403293,4859,435865,5083,16891,1035,17633,1014
"42","46","South Dakota",890342,NA,69457,788,731624,1533,72498,1026,39197,219,56192,4671,19525,828,56399,4111,70948,1105,31901,1955,12754,654,75619,11152,494,283,33750,1157,10567,1144,58923,6985,44430,2032,61793,7488,656517,1310,14969,1048,35440,1395,15864,1057,11816,763,931,312,786,203,3714,331,3910,403,779,291,1003,234,78,85,82,91,1161,268,705,215,1454,366,779,199,15184,1014,11203,726,2776,426,1847,308,199727,2242,81431,1609,69150,1482,1988,351,1680,314,7461,523,5714,493,713,224,837,210,33,42,3,3,875,236,743,165,3221,444,2213,328,80464,1607,68209,1454,2992,418,2384,319,145523,2546,77049,1791,81988,1397,85824,1837,2202,408,846,244,4579,404,6943,423,272,111,647,170,57,61,16,17,678,209,456,150,3146,422,3348,482,80941,1428,85052,1800,2432,339,2291,293,129262,2789,54547,1978,76598,1605,86229,1982,1263,372,683,199,1378,207,2072,214,1868,269,2014,304,39,35,0,24,597,132,744,194,2781,417,2595,370,75900,1583,85753,1984,1850,344,1832,302
"43","47","Tennessee",6923772,NA,64035,350,5182736,5717,68515,365,412622,298,56188,1529,1126815,4094,46708,661,14118,1380,55022,7006,128630,1660,94058,4570,4684,835,52490,12277,139938,3752,54497,2470,326851,6605,59399,1988,5206668,4335,152304,3855,360518,5284,192717,3779,166254,3407,43391,1912,43078,1276,936,222,792,169,4280,499,7121,606,147,87,270,144,15153,1178,10686,767,14597,1056,10729,909,177909,3437,155098,3247,40065,1341,28388,1257,1685927,10664,589155,6195,581187,5543,128694,2775,118114,2401,1692,280,1223,210,5093,583,8176,693,292,118,516,199,11512,840,8174,676,24415,1636,20156,1193,577296,6200,571951,5378,32986,1372,24360,1140,1176735,8452,394976,5366,475354,5221,554788,5138,98121,2520,132657,3342,1337,245,1586,228,6703,634,7323,571,290,169,505,215,5499,652,6579,740,21262,1164,24488,1196,467622,5289,547327,5204,18825,1132,21170,1168,929148,8842,507060,6771,543806,6749,601065,5563,61322,2444,100915,3095,813,180,754,192,24302,930,24868,923,281,148,486,185,6028,806,7016,715,18654,1162,23360,1443,536293,6550,592484,5487,17720,1066,20928,1249
"44","48","Texas",29243342,NA,73035,227,17293460,31713,80134,269,11665280,NA,59959,349,3552579,10470,55459,434,169576,6411,67936,2218,1511069,5316,107347,1474,27350,1672,67124,6354,2281525,24856,56199,649,4407783,31111,64335,743,19161407,24056,749134,8043,1316689,11485,684095,7667,638435,7915,103944,3057,98324,2713,13801,1251,11645,927,46579,1732,71180,2295,1068,309,901,269,275149,6033,238938,4675,320016,7655,288259,6694,230624,4162,216213,3991,1047664,9942,948324,9952,5053714,23548,1395615,12769,1393773,11218,346403,5340,297753,4611,15694,1127,13157,867,53957,2215,71798,2607,2535,388,2140,350,215239,4405,186432,4636,331733,6752,299900,5953,945541,9068,975891,8479,971925,8351,878211,8365,4704984,19059,1501875,10889,1670939,11113,1784838,10633,359362,5675,438714,6069,17278,1078,15434,1055,75543,2855,84040,2801,3093,552,3602,494,143292,3653,146271,3767,317583,4590,330709,5426,1292871,8695,1370760,9358,789027,7437,835440,8965,3871642,21234,1963369,18790,1985041,13088,2062213,13290,266899,4919,362104,5431,10503,872,11397,826,321803,3599,317164,3370,1748,401,2440,446,85697,3090,96487,2804,269338,5862,308953,6198,1740729,10841,1757775,10850,530702,8602,639364,8753
"45","49","Utah",3283809,NA,86833,674,2705194,5332,89462,737,480843,57,71154,1668,37712,1541,57433,4487,32948,1484,61542,4918,77761,1697,86191,4165,30748,1239,76975,5986,174721,5642,67343,2566,224725,5532,81005,3051,2204522,3644,30234,1392,105778,2160,42073,1685,35659,1392,1270,393,863,282,2220,416,1887,310,2549,390,3570,491,579,171,798,277,16242,909,13060,855,6735,774,4958,587,32565,1454,27093,1211,32203,1268,26360,1113,532911,5446,176915,2914,181133,3109,3386,484,2113,396,3378,379,2986,404,4698,512,5855,549,3058,375,3234,391,16542,1009,14467,1136,12957,925,11651,952,163105,2596,167654,3011,39265,1613,36126,1362,614861,5552,217197,3494,276904,3583,313557,3597,4081,475,3234,526,3113,371,3464,388,4650,536,5857,583,3123,411,2904,447,11105,814,10886,1028,17272,1145,16796,1115,263798,3579,300134,3455,32817,1329,32300,1284,475032,5163,228509,3978,331294,3837,293977,3670,2993,405,1632,331,1692,368,1672,231,12415,655,13541,668,2032,317,1376,286,6687,698,7421,738,15987,1049,15418,910,322969,3822,284862,3521,22295,1070,22984,1149
"46","50","Vermont",643816,NA,74014,1049,594131,752,74499,994,13793,NA,71848,13582,8000,526,52736,14324,1336,228,48725,1302,10824,689,71207,13274,148,75,39250,10557,3568,423,62250,13540,25809,1158,77146,9190,516776,788,8127,647,23070,1113,14499,789,9297,740,332,105,192,114,26,22,38,27,390,128,689,174,14,23,0,23,129,66,116,87,594,264,271,101,14363,776,9174,738,266,92,254,98,147715,2089,65387,1367,55382,1211,711,229,317,101,221,77,62,31,281,136,567,132,25,32,0,23,360,153,191,75,1943,331,1250,198,65155,1371,55027,1192,782,226,637,143,100401,2135,41263,1344,51187,1401,56163,1340,567,207,564,144,142,65,146,60,437,127,659,183,0,23,30,32,257,102,253,94,1677,221,2137,311,50759,1412,55747,1334,1094,197,1068,195,117905,2462,78295,1612,79983,1538,99024,1565,1006,291,757,167,92,44,79,45,1535,241,2175,281,17,25,37,48,279,91,558,137,2607,292,3381,334,79502,1545,98182,1543,1533,199,1957,218
"47","51","Virginia",8624511,NA,87249,428,5473610,7967,93691,496,865015,428,83441,1668,1630355,5432,60201,767,23728,1752,83852,9847,591088,3007,125583,2059,6185,567,89531,18200,303247,7735,72920,2062,596298,8425,91423,1621,6322253,7794,152336,3530,339836,4337,145624,2939,122803,2907,65389,1956,62077,1999,1630,322,1477,365,13630,903,24070,1209,135,69,276,93,29068,1568,24382,1607,18458,1283,16798,1091,125920,2451,105444,2727,64172,2318,55292,2078,1603925,10924,468429,5099,448687,5716,176893,3340,158221,3324,2190,271,1733,266,21175,1270,29535,1336,326,102,393,146,24703,1564,19981,1244,32753,1430,26865,1385,447551,4859,429031,5394,63091,2146,54279,1676,1344804,9845,484715,5810,479430,4823,548575,5552,148748,2851,191909,3198,2212,288,2039,259,30743,1119,35089,1377,676,177,640,172,17905,1137,17059,763,38773,1588,42821,1644,459294,4635,528485,5367,56183,1885,55907,1745,1398576,10656,998061,11113,836710,6771,875544,6326,122887,2779,168074,3073,1812,296,2154,282,126620,1712,134917,2088,709,174,752,215,17768,1083,19852,1081,55040,1811,61983,2117,809763,6116,849042,5755,67460,2230,71425,2197
"48","53","Washington",7688549,NA,90325,433,5374874,8095,91601,455,1037153,69,70492,987,301477,3801,65817,1994,91698,3290,64058,2977,708647,3867,125153,2102,53003,1443,82564,6217,399571,9278,66329,1545,759279,9353,81334,1391,5488694,7991,105786,2934,269319,4583,119955,2822,94507,2188,9083,913,8957,703,4903,525,4774,496,20609,1090,32554,1305,2427,399,2037,391,46434,1836,34024,1674,24130,1312,19255,1137,97092,2506,77114,1885,88376,2151,66848,1887,1288489,10179,454991,5044,417047,4894,30622,1413,18597,1096,10671,766,7782,501,29248,1397,38961,1655,6596,550,5772,635,33864,1863,25758,1414,46826,1895,38395,1904,432078,5030,398175,4877,77185,2295,61250,1670,1338006,9802,569614,6490,642895,5790,702896,5893,42529,1516,33485,1363,8808,539,11374,642,46308,1478,53242,1577,5526,592,6513,635,25471,1658,24215,1319,60068,1874,65762,2027,621140,5193,676638,5843,66656,1933,71271,1925,1229930,9367,687550,7257,749179,6416,761812,6283,28685,1302,24429,1148,4112,489,5324,519,144459,1956,153711,2229,2251,423,2268,406,15964,1072,16683,998,55122,2110,65444,1777,731753,6133,741033,5917,47511,1742,53876,1981
"49","54","West Virginia",1792967,NA,55217,577,1639342,1939,55826,614,32910,606,61786,5886,61227,1452,38004,2546,1730,274,42222,6737,13602,574,76737,11630,657,292,65069,52870,9504,1090,51141,6107,66905,2263,48402,3655,1421321,1000,46769,2009,116360,2984,73196,2037,63505,1970,2755,387,1407,313,193,115,94,51,406,147,567,135,0,30,111,69,634,214,250,91,1918,313,1965,350,72532,2010,63020,1983,1593,290,1049,290,564505,5121,245648,2913,225434,2875,10973,682,6197,579,246,87,206,81,315,114,817,214,12,25,293,174,727,205,603,274,5612,634,5250,608,244316,2903,224465,2893,3050,430,2183,307,285767,3661,107767,2349,137631,2482,168034,2367,7591,697,7023,661,83,47,175,63,655,236,1047,237,26,34,1,3,1129,337,645,216,4384,605,4992,456,136067,2456,166735,2387,2844,465,2657,378,184590,3294,115563,3451,121417,2710,145468,3183,3377,427,3673,444,94,49,95,62,3090,314,3014,264,6,9,26,38,415,183,834,327,3088,523,4182,576,120693,2676,144413,3161,1990,378,2594,418
"50","55","Wisconsin",5882128,NA,72458,372,4854979,4716,75803,394,430976,NA,58083,1438,363331,2714,38732,1108,43759,1298,53521,3799,169052,1920,83757,3028,2261,398,81111,34230,128690,4012,54489,2619,320056,5600,63266,1879,4473075,2820,80972,2035,215431,3589,105960,2218,80678,1944,16081,1034,13967,892,2003,269,1222,172,6173,624,7781,504,95,57,71,58,13065,874,9236,705,12817,977,10256,870,96269,2166,72753,1846,33814,1293,25196,948,1370226,9507,547626,5422,497573,4488,39475,1378,35367,1200,5908,391,4668,358,8501,533,10110,786,126,71,278,190,12959,902,9460,777,20356,1245,18847,1118,536127,5356,487577,4389,35373,1160,28675,1324,1000862,7138,474504,4360,538780,3971,558364,4343,31908,1356,41072,1370,4506,352,5340,412,8937,690,9798,656,397,163,110,54,8382,691,8544,855,21480,1184,23281,996,528658,3910,547762,4278,27114,1102,27922,1013,901720,8703,429360,5347,540267,5225,617271,5359,13811,879,19950,1125,1709,262,2630,284,25437,805,25418,873,137,63,140,62,5309,586,5694,633,17009,927,21491,1017,533762,5097,608610,5316,16152,1010,20656,895
"51","56","Wyoming",577929,NA,72495,1201,504798,1856,73542,1342,60518,107,62695,5854,4891,489,56046,19865,12359,577,57667,12775,4717,409,64398,16578,636,238,54524,32010,16504,1452,68268,2900,34024,1715,66730,3347,434427,846,5755,628,21249,1140,9899,799,7813,582,80,58,4,8,432,98,560,124,68,70,259,139,14,22,29,44,1490,293,1052,281,984,238,1035,221,8352,700,6922,591,3854,419,2760,428,125930,2548,54855,1394,42803,1382,416,125,239,106,1468,174,1155,181,107,67,394,142,117,81,50,38,1929,397,1426,317,2946,334,2372,381,52021,1370,40787,1311,6148,526,4621,477,116246,2838,50056,1609,63384,1580,67147,1535,507,143,461,152,1333,276,1607,181,451,143,388,138,119,78,49,63,1327,331,1137,268,2891,401,3424,423,61203,1524,64172,1445,4862,466,5562,502,73571,2290,41620,1697,49870,1605,54432,1444,944,272,243,107,277,89,389,119,993,174,830,199,7,9,72,70,678,232,660,263,1871,339,2315,330,49040,1588,53396,1383,2019,328,2480,371
"52","72","Puerto Rico",3272382,NA,24002,222,1425431,10705,24723,339,3231327,2648,23902,222,286388,5775,22924,691,5066,950,22263,4867,6295,955,32966,7435,279,280,NA,NA,786315,9556,21670,485,762608,10236,25496,435,2664588,2121,315472,4299,187550,3058,106449,2502,106141,2314,26771,1307,22189,1073,312,168,361,179,533,266,628,229,0,35,24,38,63457,2038,56594,1710,57166,2299,52313,1696,1267,306,936,239,252254,3644,236570,2965,743785,7205,143408,3697,141614,2724,34145,1533,28595,1446,753,256,428,183,310,107,870,251,34,55,0,35,86584,2551,78605,2706,80825,2562,76110,2301,2588,435,2275,397,341705,4847,322147,4757,423700,4912,293624,5025,107672,2436,134000,2903,25435,1379,30125,1441,398,153,281,126,323,158,480,166,0,35,47,57,56299,1955,71549,2380,57183,2217,72931,2324,2731,389,2090,420,243328,3828,306390,4544,505610,6055,194847,3726,118297,2855,185706,3654,17041,960,30875,1419,576,190,765,204,598,223,933,291,7,10,18,29,54826,2043,92169,2494,67773,2133,108867,2701,4650,547,4213,652,253008,3714,413566,4751
